Date,Opposing_Team,IsHome,Points,Performance_Index_Rating,Two-point%,Three-point%,Free-throw%,Offensive_rebounds,Defensive_rebounds,Total_rebounds,Assists,Steals,Blocks,Turnovers
18 Apr 2002 (Thu),CSKA Moscow,1,96.0,88.0,51.2%,51.9%,80.0%,5.0,13.0,18.0,22.0,11.0,1.0,11.0
27 Mar 2002 (Wed),Tau Ceramica,1,72.0,64.0,45.0%,44.4%,70.6%,5.0,16.0,21.0,19.0,6.0,2.0,12.0
21 Mar 2002 (Thu),Maccabi Elite,1,78.0,71.0,50.0%,25.0%,78.1%,11.0,18.0,29.0,10.0,7.0,2.0,12.0
6 Mar 2002 (Wed),CSKA Moscow,0,80.0,76.0,56.4%,33.3%,65.2%,9.0,24.0,33.0,15.0,4.0,0.0,15.0
27 Feb 2002 (Wed),Tau Ceramica,0,69.0,36.0,46.8%,18.8%,61.5%,13.0,15.0,28.0,9.0,6.0,0.0,17.0
13 Feb 2002 (Wed),Peristeri,1,93.0,105.0,51.4%,42.3%,68.8%,10.0,17.0,27.0,21.0,11.0,2.0,7.0
7 Feb 2002 (Thu),FC Barcelona,0,64.0,44.0,50.0%,31.3%,84.6%,5.0,17.0,22.0,9.0,7.0,2.0,17.0
31 Jan 2002 (Thu),Opel Skyliners,1,78.0,92.0,51.1%,25.0%,78.9%,16.0,22.0,38.0,17.0,9.0,3.0,15.0
17 Jan 2002 (Thu),Union Olimpija,0,80.0,69.0,42.9%,61.5%,76.9%,12.0,16.0,28.0,7.0,5.0,16.0,10.0
10 Jan 2002 (Thu),Kinder Virtus Bologna,1,51.0,33.0,33.3%,33.3%,42.9%,11.0,13.0,24.0,4.0,13.0,2.0,12.0
20 Dec 2001 (Thu),Zalgiris,1,79.0,78.0,65.8%,31.6%,73.3%,11.0,19.0,30.0,21.0,13.0,5.0,26.0
13 Dec 2001 (Thu),Kinder London Towers,0,93.0,112.0,61.4%,31.6%,67.7%,17.0,26.0,43.0,13.0,8.0,3.0,11.0
6 Dec 2001 (Thu),Peristeri,0,95.0,96.0,50.0%,69.2%,75.7%,11.0,22.0,33.0,11.0,6.0,1.0,11.0
15 Nov 2001 (Thu),FC Barcelona,1,77.0,67.0,45.1%,26.7%,55.9%,16.0,14.0,30.0,14.0,14.0,1.0,14.0
8 Nov 2001 (Thu),Opel Skyliners,0,70.0,51.0,42.2%,33.3%,66.7%,16.0,18.0,34.0,13.0,1.0,3.0,14.0
1 Nov 2001 (Thu),Union Olimpija,1,75.0,72.0,59.5%,14.3%,65.5%,19.0,17.0,36.0,15.0,8.0,1.0,19.0
24 Oct 2001 (Wed),Kinder Virtus Bologna,0,60.0,42.0,44.2%,25.0%,58.3%,11.0,23.0,34.0,5.0,10.0,1.0,16.0
18 Oct 2001 (Thu),Zalgiris,0,82.0,66.0,42.0%,52.6%,52.6%,17.0,20.0,37.0,15.0,7.0,1.0,17.0
11 Oct 2001 (Thu),Kinder London Towers,1,107.0,143.0,70.8%,36.8%,64.3%,11.0,27.0,38.0,21.0,16.0,1.0,14.0
16 Apr 2003 (Wed),Skipper Bologna,0,86.0,98.0,40.4%,28.0%,79.3%,17.0,25.0,42.0,13.0,26.0,1.0,13.0
9 Apr 2003 (Wed),Panathinaikos,1,92.0,109.0,57.9%,52.6%,66.7%,11.0,14.0,25.0,18.0,6.0,1.0,6.0
26 Mar 2003 (Wed),Montepaschi Siena,1,80.0,82.0,54.5%,47.6%,66.7%,6.0,17.0,23.0,12.0,6.0,2.0,8.0
19 Mar 2003 (Wed),Panathinaikos,0,74.0,75.0,64.5%,47.1%,62.5%,5.0,19.0,24.0,15.0,9.0,0.0,17.0
5 Mar 2003 (Wed),Skipper Bologna,1,69.0,58.0,45.7%,30.8%,60.0%,10.0,16.0,26.0,10.0,9.0,2.0,10.0
27 Feb 2003 (Thu),Montepaschi Siena,0,79.0,89.0,53.1%,55.0%,60.0%,8.0,20.0,28.0,17.0,10.0,1.0,12.0
12 Feb 2003 (Wed),Partizan,0,90.0,91.0,59.4%,61.1%,76.0%,5.0,17.0,22.0,15.0,3.0,2.0,12.0
5 Feb 2003 (Wed),Idea Slask,1,79.0,71.0,47.2%,45.8%,75.0%,9.0,20.0,29.0,11.0,6.0,1.0,12.0
30 Jan 2003 (Thu),Virtus Bologna,0,88.0,86.0,65.7%,48.0%,66.7%,10.0,26.0,36.0,9.0,7.0,1.0,13.0
15 Jan 2003 (Wed),Real Madrid,1,85.0,93.0,57.5%,35.0%,60.0%,11.0,23.0,34.0,16.0,8.0,5.0,15.0
8 Jan 2003 (Wed),Asvel Basket,0,82.0,85.0,41.5%,45.5%,85.7%,18.0,18.0,36.0,11.0,4.0,0.0,10.0
18 Dec 2002 (Wed),Olympiacos,1,65.0,55.0,57.6%,14.3%,66.7%,7.0,18.0,25.0,6.0,8.0,2.0,8.0
11 Dec 2002 (Wed),CSKA Moscow,0,62.0,75.0,51.7%,47.1%,57.1%,6.0,22.0,28.0,17.0,11.0,0.0,19.0
5 Dec 2002 (Thu),Partizan,1,84.0,91.0,59.4%,40.7%,76.5%,6.0,20.0,26.0,17.0,7.0,3.0,13.0
13 Nov 2002 (Wed),Idea Slask,0,93.0,100.0,54.3%,45.5%,71.4%,8.0,19.0,27.0,15.0,5.0,2.0,5.0
7 Nov 2002 (Thu),Virtus Bologna,1,105.0,123.0,60.4%,52.4%,70.0%,13.0,24.0,37.0,18.0,6.0,1.0,8.0
31 Oct 2002 (Thu),Real Madrid,0,77.0,68.0,59.4%,33.3%,60.0%,8.0,22.0,30.0,6.0,10.0,4.0,10.0
23 Oct 2002 (Wed),Asvel Basket,1,65.0,64.0,52.6%,18.2%,81.3%,10.0,19.0,29.0,11.0,8.0,3.0,10.0
17 Oct 2002 (Thu),Olympiacos,0,77.0,88.0,54.1%,33.3%,75.9%,8.0,25.0,33.0,11.0,4.0,0.0,9.0
9 Oct 2002 (Wed),CSKA Moscow,1,63.0,59.0,45.5%,24.0%,62.5%,16.0,19.0,35.0,13.0,6.0,0.0,10.0
8 Apr 2004 (Thu),Pamesa Valencia,0,72.0,68.0,64.9%,21.7%,64.3%,7.0,13.0,20.0,15.0,15.0,14.0,
1 Apr 2004 (Thu),Maccabi Elite Tel Aviv,1,79.0,77.0,51.4%,47.6%,57.9%,12.0,18.0,30.0,16.0,9.0,1.0,18.0
25 Mar 2004 (Thu),Zalgiris,0,72.0,58.0,38.5%,43.8%,77.8%,9.0,19.0,28.0,8.0,5.0,2.0,13.0
18 Mar 2004 (Thu),Maccabi Elite Tel Aviv,0,76.0,79.0,48.3%,39.4%,60.0%,10.0,19.0,29.0,17.0,12.0,2.0,11.0
10 Mar 2004 (Wed),Pamesa Valencia,1,77.0,71.0,58.1%,38.5%,73.3%,4.0,20.0,24.0,13.0,7.0,3.0,15.0
4 Mar 2004 (Thu),Zalgiris,1,73.0,67.0,36.1%,48.3%,50.0%,10.0,17.0,27.0,12.0,6.0,2.0,10.0
19 Feb 2004 (Thu),FC Barcelona,1,61.0,46.0,39.1%,28.6%,41.2%,13.0,18.0,31.0,8.0,10.0,2.0,9.0
11 Feb 2004 (Wed),Pau-Orthez,0,83.0,84.0,63.9%,33.3%,76.5%,7.0,14.0,21.0,15.0,3.0,3.0,5.0
4 Feb 2004 (Wed),Cibona VIP,1,76.0,77.0,44.7%,38.5%,75.0%,9.0,21.0,30.0,12.0,4.0,2.0,8.0
28 Jan 2004 (Wed),Lottomatica Roma,0,69.0,86.0,50.0%,35.3%,90.5%,10.0,23.0,33.0,3.0,13.0,3.0,10.0
22 Jan 2004 (Thu),Union Olimpija,1,68.0,73.0,61.5%,33.3%,83.3%,6.0,19.0,25.0,16.0,6.0,3.0,15.0
15 Jan 2004 (Thu),Partizan,1,81.0,90.0,66.7%,36.7%,61.5%,8.0,22.0,30.0,18.0,7.0,2.0,10.0
7 Jan 2004 (Wed),AEK Athens,0,82.0,82.0,48.6%,40.0%,88.0%,9.0,22.0,31.0,10.0,4.0,1.0,8.0
18 Dec 2003 (Thu),FC Barcelona,0,57.0,29.0,45.0%,18.2%,60.0%,16.0,14.0,30.0,3.0,2.0,4.0,9.0
10 Dec 2003 (Wed),Pau-Orthez,1,62.0,35.0,38.1%,20.0%,83.3%,13.0,20.0,33.0,11.0,9.0,2.0,16.0
3 Dec 2003 (Wed),Cibona VIP,0,83.0,88.0,70.6%,24.0%,85.0%,6.0,21.0,27.0,15.0,9.0,4.0,16.0
26 Nov 2003 (Wed),Lottomatica Roma,1,67.0,75.0,58.1%,27.8%,55.2%,8.0,28.0,36.0,10.0,7.0,3.0,12.0
20 Nov 2003 (Thu),Union Olimpija,0,91.0,98.0,66.7%,44.4%,61.3%,8.0,23.0,31.0,9.0,3.0,3.0,11.0
13 Nov 2003 (Thu),Partizan,0,68.0,53.0,50.0%,27.8%,74.2%,5.0,18.0,23.0,9.0,7.0,1.0,13.0
5 Nov 2003 (Wed),AEK Athens,1,75.0,76.0,53.8%,33.3%,55.3%,11.0,24.0,35.0,13.0,5.0,4.0,13.0
7 Apr 2005 (Thu),CSKA Moscow,1,64.0,49.0,41.0%,24.0%,60.9%,16.0,20.0,36.0,9.0,4.0,2.0,12.0
5 Apr 2005 (Tue),CSKA Moscow,0,74.0,73.0,59.0%,33.3%,53.8%,8.0,20.0,28.0,13.0,13.0,5.0,12.0
31 Mar 2005 (Thu),Cibona VIP,0,68.0,79.0,56.3%,30.4%,55.0%,8.0,29.0,37.0,15.0,7.0,6.0,11.0
23 Mar 2005 (Wed),Montepaschi Siena,1,85.0,101.0,61.5%,28.6%,76.0%,10.0,26.0,36.0,18.0,7.0,0.0,11.0
17 Mar 2005 (Thu),Maccabi Elite Tel Aviv,1,67.0,51.0,44.4%,29.6%,61.1%,10.0,26.0,36.0,11.0,10.0,4.0,17.0
9 Mar 2005 (Wed),Montepaschi Siena,0,71.0,80.0,37.9%,41.4%,68.4%,12.0,25.0,37.0,14.0,11.0,2.0,16.0
2 Mar 2005 (Wed),Cibona VIP,1,84.0,103.0,65.5%,56.5%,87.5%,5.0,21.0,26.0,19.0,5.0,5.0,13.0
24 Feb 2005 (Thu),Maccabi Elite Tel Aviv,0,59.0,51.0,53.6%,25.0%,57.1%,7.0,22.0,29.0,14.0,9.0,4.0,17.0
9 Feb 2005 (Wed),Tau Ceramica Vitoria-Gasteiz,1,86.0,102.0,61.1%,57.9%,100.0%,3.0,22.0,25.0,16.0,10.0,4.0,15.0
3 Feb 2005 (Thu),Panathinaikos Athens,0,72.0,69.0,51.9%,29.4%,69.0%,6.0,21.0,27.0,10.0,11.0,2.0,16.0
27 Jan 2005 (Thu),Benetton Basket,1,62.0,49.0,41.3%,30.0%,46.2%,8.0,23.0,31.0,12.0,6.0,1.0,10.0
19 Jan 2005 (Wed),CSKA Moscow,0,77.0,75.0,51.5%,60.0%,58.3%,6.0,20.0,26.0,12.0,12.0,4.0,19.0
13 Jan 2005 (Thu),Unicaja,1,66.0,55.0,47.6%,35.0%,62.5%,7.0,19.0,26.0,10.0,9.0,2.0,10.0
5 Jan 2005 (Wed),Pau-Orthez,0,80.0,83.0,55.6%,32.0%,61.5%,15.0,20.0,35.0,15.0,4.0,4.0,12.0
22 Dec 2004 (Wed),Opel Skyliners,1,79.0,92.0,57.6%,37.5%,66.7%,12.0,21.0,33.0,19.0,12.0,3.0,15.0
15 Dec 2004 (Wed),Tau Ceramica Vitoria-Gasteiz,0,81.0,83.0,64.3%,22.2%,62.5%,11.0,28.0,39.0,7.0,4.0,4.0,10.0
8 Dec 2004 (Wed),Panathinaikos Athens,1,66.0,63.0,59.4%,23.8%,81.3%,8.0,19.0,27.0,9.0,5.0,2.0,10.0
1 Dec 2004 (Wed),Benetton Basket,0,65.0,80.0,42.9%,50.0%,66.7%,6.0,31.0,37.0,14.0,12.0,5.0,13.0
24 Nov 2004 (Wed),CSKA Moscow,1,82.0,67.0,63.2%,28.6%,52.6%,9.0,17.0,26.0,12.0,5.0,3.0,7.0
17 Nov 2004 (Wed),Unicaja,0,62.0,47.0,50.0%,16.7%,71.4%,7.0,22.0,29.0,3.0,14.0,3.0,12.0
10 Nov 2004 (Wed),Pau-Orthez,1,70.0,68.0,55.0%,23.8%,61.1%,13.0,25.0,38.0,10.0,5.0,4.0,17.0
3 Nov 2004 (Wed),Opel Skyliners,0,82.0,88.0,60.5%,35.0%,53.6%,10.0,24.0,34.0,18.0,9.0,4.0,14.0
30 Mar 2006 (Thu),Maccabi Elite Tel Aviv,1,66.0,44.0,25.8%,52.4%,77.3%,9.0,15.0,24.0,9.0,7.0,2.0,24.0
23 Mar 2006 (Thu),Real Madrid,0,53.0,43.0,29.4%,33.3%,54.5%,10.0,23.0,33.0,7.0,7.0,0.0,10.0
16 Mar 2006 (Thu),Climamio Bologna,1,84.0,92.0,55.6%,40.9%,73.9%,6.0,22.0,28.0,19.0,9.0,4.0,11.0
9 Mar 2006 (Thu),Real Madrid,1,69.0,64.0,45.2%,27.3%,85.2%,10.0,21.0,31.0,8.0,6.0,1.0,13.0
2 Mar 2006 (Thu),Maccabi Elite Tel Aviv,0,74.0,81.0,45.2%,32.1%,73.1%,10.0,20.0,30.0,15.0,17.0,1.0,13.0
23 Feb 2006 (Thu),Climamio Bologna,0,69.0,75.0,47.4%,20.0%,70.0%,12.0,23.0,35.0,9.0,14.0,3.0,17.0
8 Feb 2006 (Wed),Montepaschi Siena,1,74.0,82.0,48.5%,50.0%,50.0%,12.0,18.0,30.0,15.0,6.0,6.0,16.0
1 Feb 2006 (Wed),CSKA Moscow,0,51.0,46.0,32.3%,23.8%,76.2%,6.0,30.0,36.0,7.0,9.0,3.0,15.0
26 Jan 2006 (Thu),Partizan,1,100.0,130.0,67.6%,60.0%,74.2%,6.0,19.0,25.0,22.0,21.0,1.0,17.0
18 Jan 2006 (Wed),Real Madrid,1,75.0,69.0,50.0%,35.3%,64.7%,13.0,12.0,25.0,10.0,7.0,3.0,9.0
12 Jan 2006 (Thu),Pau-Orthez,0,95.0,129.0,48.3%,50.0%,88.6%,12.0,22.0,34.0,19.0,17.0,3.0,14.0
4 Jan 2006 (Wed),Unicaja,1,76.0,81.0,55.6%,31.3%,75.0%,8.0,23.0,31.0,10.0,8.0,5.0,15.0
21 Dec 2005 (Wed),Panathinaikos,0,69.0,59.0,48.3%,33.3%,81.0%,11.0,18.0,29.0,10.0,7.0,0.0,16.0
14 Dec 2005 (Wed),Montepaschi Siena,0,74.0,92.0,48.7%,28.6%,75.0%,10.0,26.0,36.0,9.0,18.0,5.0,16.0
7 Dec 2005 (Wed),CSKA Moscow,1,49.0,33.0,47.1%,15.8%,80.0%,8.0,18.0,26.0,6.0,6.0,1.0,17.0
1 Dec 2005 (Thu),Partizan,0,69.0,56.0,35.5%,33.3%,74.1%,10.0,15.0,25.0,12.0,11.0,1.0,12.0
24 Nov 2005 (Thu),Real Madrid,0,58.0,47.0,38.1%,31.8%,50.0%,10.0,16.0,26.0,5.0,12.0,4.0,10.0
16 Nov 2005 (Wed),Pau-Orthez,1,87.0,104.0,50.0%,40.0%,63.3%,14.0,31.0,45.0,12.0,13.0,5.0,13.0
9 Nov 2005 (Wed),Unicaja,0,57.0,33.0,38.0%,35.7%,40.0%,10.0,18.0,28.0,4.0,11.0,0.0,10.0
31 Oct 2005 (Mon),Panathinaikos,1,66.0,51.0,55.3%,17.6%,75.0%,7.0,17.0,24.0,4.0,9.0,4.0,15.0
31 Jan 2007 (Wed),CSKA Moscow,0,66.0,57.0,43.3%,34.8%,88.9%,7.0,19.0,26.0,9.0,4.0,1.0,12.0
25 Jan 2007 (Thu),Eldo Napoli,1,88.0,80.0,47.5%,35.7%,87.0%,10.0,23.0,33.0,14.0,14.0,1.0,17.0
18 Jan 2007 (Thu),Winterthur FC Barcelona,1,82.0,76.0,50.0%,54.5%,66.7%,9.0,19.0,28.0,10.0,9.0,1.0,13.0
11 Jan 2007 (Thu),Zalgiris,0,83.0,94.0,60.6%,43.5%,81.3%,8.0,19.0,27.0,8.0,19.0,1.0,13.0
3 Jan 2007 (Wed),Benetton Basket,1,70.0,68.0,65.5%,38.1%,61.5%,3.0,26.0,29.0,9.0,7.0,3.0,16.0
21 Dec 2006 (Thu),Pau-Orthez,0,67.0,64.0,69.2%,24.0%,59.1%,7.0,15.0,22.0,14.0,14.0,2.0,11.0
13 Dec 2006 (Wed),Aris TT Bank,1,80.0,89.0,55.6%,30.4%,76.0%,11.0,21.0,32.0,17.0,9.0,1.0,13.0
6 Dec 2006 (Wed),CSKA Moscow,1,64.0,61.0,44.8%,41.7%,57.1%,6.0,24.0,30.0,12.0,5.0,2.0,10.0
30 Nov 2006 (Thu),Eldo Napoli,0,83.0,92.0,47.1%,26.9%,90.9%,10.0,36.0,46.0,4.0,14.0,3.0,20.0
23 Nov 2006 (Thu),Winterthur FC Barcelona,0,70.0,57.0,56.8%,27.8%,81.3%,12.0,17.0,29.0,10.0,8.0,1.0,22.0
16 Nov 2006 (Thu),Zalgiris,1,84.0,89.0,60.5%,44.4%,77.8%,5.0,22.0,27.0,11.0,7.0,2.0,11.0
8 Nov 2006 (Wed),Benetton Basket,0,83.0,84.0,66.7%,36.0%,72.7%,4.0,22.0,26.0,8.0,14.0,0.0,13.0
1 Nov 2006 (Wed),Pau-Orthez,1,66.0,45.0,50.0%,30.6%,30.0%,7.0,20.0,27.0,9.0,7.0,2.0,11.0
25 Oct 2006 (Wed),Aris TT Bank,0,58.0,59.0,35.5%,30.8%,70.6%,8.0,27.0,35.0,9.0,12.0,2.0,14.0
3 Apr 2008 (Thu),Montepaschi Siena,1,65.0,55.0,61.5%,21.1%,38.5%,6.0,24.0,30.0,9.0,8.0,1.0,17.0
1 Apr 2008 (Tue),Montepaschi Siena,0,66.0,79.0,39.4%,47.4%,81.3%,8.0,29.0,37.0,11.0,17.0,2.0,21.0
19 Mar 2008 (Wed),Tau Ceramica Vitoria-Gasteiz,1,75.0,82.0,55.2%,35.7%,72.2%,5.0,25.0,30.0,12.0,15.0,2.0,14.0
12 Mar 2008 (Wed),Lietuvos Rytas,0,84.0,87.0,63.0%,48.1%,61.1%,6.0,22.0,28.0,15.0,14.0,4.0,17.0
5 Mar 2008 (Wed),Aris TT Bank,1,59.0,57.0,33.3%,26.3%,71.4%,12.0,21.0,33.0,6.0,10.0,6.0,11.0
28 Feb 2008 (Thu),Lietuvos Rytas,1,95.0,107.0,62.2%,34.8%,51.7%,10.0,26.0,36.0,12.0,11.0,9.0,17.0
20 Feb 2008 (Wed),Tau Ceramica Vitoria-Gasteiz,0,84.0,81.0,40.0%,54.5%,66.7%,12.0,17.0,29.0,12.0,11.0,4.0,15.0
14 Feb 2008 (Thu),Aris TT Bank,0,96.0,107.0,64.3%,44.4%,75.0%,10.0,26.0,36.0,11.0,6.0,8.0,15.0
31 Jan 2008 (Thu),Partizan Igokea,1,86.0,82.0,53.8%,35.7%,63.6%,10.0,16.0,26.0,14.0,11.0,2.0,12.0
24 Jan 2008 (Thu),Panathinaikos,0,68.0,63.0,46.2%,16.0%,64.5%,14.0,25.0,39.0,14.0,8.0,5.0,18.0
17 Jan 2008 (Thu),Brose Baskets,0,73.0,62.0,46.9%,44.0%,62.5%,6.0,18.0,24.0,10.0,7.0,1.0,14.0
9 Jan 2008 (Wed),Chorale Roanne,1,81.0,89.0,58.3%,37.5%,92.3%,12.0,23.0,35.0,13.0,10.0,3.0,21.0
3 Jan 2008 (Thu),Lottomatica Roma,0,84.0,108.0,61.5%,43.5%,68.8%,6.0,31.0,37.0,12.0,10.0,4.0,14.0
20 Dec 2007 (Thu),AXA FC Barcelona,1,78.0,72.0,44.2%,42.9%,59.1%,12.0,18.0,30.0,13.0,8.0,6.0,11.0
13 Dec 2007 (Thu),Real Madrid,0,77.0,82.0,59.1%,20.0%,72.2%,9.0,19.0,28.0,17.0,12.0,12.0,
5 Dec 2007 (Wed),Partizan Igokea,0,76.0,70.0,42.9%,37.0%,88.9%,5.0,25.0,30.0,13.0,5.0,2.0,13.0
29 Nov 2007 (Thu),Panathinaikos,1,64.0,55.0,53.7%,17.4%,61.5%,11.0,21.0,32.0,11.0,11.0,5.0,15.0
22 Nov 2007 (Thu),Brose Baskets,1,79.0,90.0,55.9%,34.6%,70.0%,10.0,21.0,31.0,12.0,9.0,2.0,8.0
14 Nov 2007 (Wed),Chorale Roanne,0,97.0,89.0,59.1%,39.1%,69.2%,17.0,17.0,34.0,9.0,6.0,2.0,11.0
6 Nov 2007 (Tue),Lottomatica Roma,1,85.0,89.0,47.2%,42.3%,66.7%,9.0,26.0,35.0,9.0,10.0,2.0,11.0
1 Nov 2007 (Thu),AXA FC Barcelona,0,67.0,62.0,51.4%,38.1%,63.6%,4.0,22.0,26.0,13.0,6.0,2.0,14.0
25 Oct 2007 (Thu),Real Madrid,1,72.0,71.0,59.4%,43.5%,40.0%,9.0,22.0,31.0,15.0,5.0,3.0,19.0
11 Mar 2009 (Wed),Montepaschi Siena,1,68.0,78.0,37.8%,41.2%,86.4%,15.0,30.0,45.0,17.0,9.0,1.0,19.0
4 Mar 2009 (Wed),CSKA Moscow,0,60.0,47.0,35.7%,37.5%,65.0%,9.0,21.0,30.0,13.0,5.0,1.0,12.0
25 Feb 2009 (Wed),Cibona,1,64.0,66.0,47.2%,28.0%,42.9%,15.0,16.0,31.0,16.0,15.0,0.0,15.0
12 Feb 2009 (Thu),Cibona,0,65.0,71.0,59.4%,25.0%,68.2%,4.0,24.0,28.0,8.0,9.0,3.0,14.0
4 Feb 2009 (Wed),Montepaschi Siena,0,79.0,78.0,62.2%,31.6%,78.9%,6.0,24.0,30.0,12.0,15.0,2.0,20.0
29 Jan 2009 (Thu),CSKA Moscow,1,48.0,51.0,37.8%,14.3%,70.0%,15.0,16.0,31.0,10.0,9.0,6.0,11.0
15 Jan 2009 (Thu),Lottomatica Roma,1,90.0,90.0,62.9%,30.4%,75.8%,7.0,27.0,34.0,12.0,7.0,3.0,20.0
8 Jan 2009 (Thu),Union Olimpija,0,90.0,88.0,53.3%,42.3%,86.2%,7.0,17.0,24.0,6.0,10.0,1.0,10.0
17 Dec 2008 (Wed),DKV Joventut,1,89.0,112.0,58.3%,40.9%,69.0%,9.0,29.0,38.0,16.0,11.0,7.0,12.0
9 Dec 2008 (Tue),Alba Berlin,0,63.0,56.0,50.0%,25.0%,73.3%,16.0,22.0,38.0,9.0,2.0,1.0,14.0
4 Dec 2008 (Thu),Tau Ceramica,1,69.0,52.0,32.4%,35.7%,78.9%,11.0,16.0,27.0,8.0,9.0,2.0,11.0
27 Nov 2008 (Thu),Lottomatica Roma,0,67.0,55.0,39.4%,34.5%,68.8%,14.0,21.0,35.0,9.0,6.0,4.0,16.0
13 Nov 2008 (Thu),Union Olimpija,1,89.0,89.0,51.2%,27.3%,66.7%,12.0,31.0,43.0,8.0,6.0,6.0,10.0
6 Nov 2008 (Thu),DKV Joventut,0,70.0,72.0,50.0%,36.0%,84.6%,11.0,28.0,39.0,11.0,6.0,2.0,18.0
30 Oct 2008 (Thu),Alba Berlin,1,82.0,77.0,56.7%,36.4%,80.0%,7.0,23.0,30.0,15.0,6.0,2.0,12.0
20 Oct 2008 (Mon),Tau Ceramica,0,70.0,63.0,52.6%,28.0%,90.0%,10.0,20.0,30.0,12.0,8.0,2.0,14.0
14 Jan 2010 (Thu),Zalgiris Kaunas,1,68.0,65.0,51.4%,24.1%,78.6%,12.0,25.0,37.0,11.0,7.0,3.0,14.0
6 Jan 2010 (Wed),Montepaschi Siena,0,58.0,43.0,48.7%,16.7%,73.7%,7.0,17.0,24.0,8.0,5.0,0.0,19.0
16 Dec 2009 (Wed),Cibona,0,77.0,81.0,65.6%,27.3%,70.8%,8.0,23.0,31.0,8.0,5.0,4.0,14.0
9 Dec 2009 (Wed),Asvel Basket,1,61.0,55.0,51.5%,20.0%,75.0%,10.0,24.0,34.0,12.0,2.0,0.0,16.0
3 Dec 2009 (Thu),Regal FC Barcelona,0,55.0,38.0,45.7%,33.3%,100.0%,5.0,22.0,27.0,8.0,5.0,4.0,22.0
25 Nov 2009 (Wed),Zalgiris Kaunas,0,84.0,93.0,62.2%,36.4%,63.6%,6.0,21.0,27.0,14.0,11.0,5.0,10.0
11 Nov 2009 (Wed),Montepaschi Siena,1,83.0,86.0,60.0%,45.5%,71.4%,10.0,23.0,33.0,12.0,1.0,1.0,14.0
4 Nov 2009 (Wed),Cibona,1,67.0,82.0,46.9%,34.8%,76.5%,11.0,29.0,40.0,14.0,3.0,6.0,16.0
28 Oct 2009 (Wed),Asvel Basket,0,78.0,93.0,51.4%,26.1%,70.6%,11.0,24.0,35.0,16.0,8.0,2.0,15.0
21 Oct 2009 (Wed),Regal FC Barcelona,1,59.0,27.0,41.7%,27.3%,45.8%,9.0,16.0,25.0,8.0,4.0,1.0,12.0
3 Mar 2011 (Thu),Power Electronics Valencia,0,68.0,60.0,50.0%,19.0%,66.7%,11.0,20.0,31.0,15.0,7.0,0.0,13.0
24 Feb 2011 (Thu),Olympiacos Piraeus,1,65.0,68.0,52.8%,25.0%,80.0%,6.0,24.0,30.0,16.0,6.0,6.0,15.0
16 Feb 2011 (Wed),Zalgiris Kaunas,0,84.0,74.0,56.0%,31.8%,63.6%,7.0,26.0,33.0,14.0,10.0,4.0,17.0
2 Feb 2011 (Wed),Zalgiris Kaunas,1,80.0,88.0,48.7%,47.8%,40.9%,11.0,29.0,40.0,17.0,6.0,3.0,14.0
27 Jan 2011 (Thu),Power Electronics Valencia,1,75.0,84.0,58.8%,50.0%,57.1%,8.0,20.0,28.0,17.0,9.0,7.0,17.0
20 Jan 2011 (Thu),Olympiacos Piraeus,0,84.0,82.0,44.4%,80.0%,74.1%,7.0,26.0,33.0,12.0,9.0,1.0,19.0
23 Dec 2010 (Thu),Cholet Basket,1,93.0,125.0,65.1%,44.4%,81.3%,11.0,20.0,31.0,28.0,16.0,1.0,11.0
16 Dec 2010 (Thu),Montepaschi Siena,0,65.0,60.0,44.2%,18.2%,91.3%,11.0,19.0,30.0,9.0,6.0,1.0,19.0
9 Dec 2010 (Thu),Regal Barcelona,1,69.0,66.0,44.7%,28.6%,78.9%,12.0,20.0,32.0,12.0,6.0,1.0,8.0
1 Dec 2010 (Wed),Cibona Zagreb,1,100.0,125.0,57.9%,41.2%,65.0%,13.0,32.0,45.0,20.0,7.0,0.0,7.0
24 Nov 2010 (Wed),Lietuvos Rytas Vilnius,0,81.0,93.0,45.7%,50.0%,80.0%,12.0,21.0,33.0,13.0,7.0,2.0,6.0
17 Nov 2010 (Wed),Cholet Basket,0,78.0,85.0,57.6%,32.0%,64.0%,15.0,25.0,40.0,15.0,5.0,4.0,12.0
10 Nov 2010 (Wed),Montepaschi Siena,1,81.0,98.0,54.8%,37.5%,71.4%,15.0,30.0,45.0,14.0,6.0,5.0,17.0
4 Nov 2010 (Thu),Regal Barcelona,0,69.0,69.0,45.2%,33.3%,66.7%,9.0,28.0,37.0,9.0,8.0,1.0,7.0
28 Oct 2010 (Thu),Cibona Zagreb,0,73.0,69.0,61.1%,23.8%,66.7%,8.0,24.0,32.0,7.0,7.0,1.0,15.0
20 Oct 2010 (Wed),Lietuvos Rytas Vilnius,1,86.0,106.0,52.2%,55.6%,82.1%,6.0,30.0,36.0,17.0,10.0,3.0,16.0
29 Feb 2012 (Wed),EA7 Emporio Armani,0,72.0,67.0,48.6%,28.6%,66.7%,11.0,25.0,36.0,10.0,5.0,4.0,14.0
23 Feb 2012 (Thu),Unics Kazan,1,94.0,101.0,57.4%,27.3%,68.8%,19.0,22.0,41.0,14.0,8.0,3.0,11.0
9 Feb 2012 (Thu),Panathinaikos Athens,0,62.0,50.0,48.9%,23.1%,70.0%,13.0,23.0,36.0,10.0,9.0,1.0,21.0
2 Feb 2012 (Thu),Panathinaikos Athens,1,56.0,48.0,50.0%,21.4%,85.7%,6.0,20.0,26.0,12.0,7.0,3.0,13.0
25 Jan 2012 (Wed),EA7 Emporio Armani,1,65.0,61.0,43.2%,25.0%,71.4%,10.0,26.0,36.0,7.0,6.0,2.0,10.0
18 Jan 2012 (Wed),Unics Kazan,0,71.0,61.0,37.5%,50.0%,87.5%,9.0,24.0,33.0,13.0,3.0,2.0,17.0
22 Dec 2011 (Thu),Bennet Cantu,0,83.0,94.0,46.5%,41.7%,82.4%,13.0,26.0,39.0,13.0,3.0,4.0,13.0
15 Dec 2011 (Thu),Gescrap Bilbao Basket,1,70.0,66.0,46.2%,42.1%,58.8%,9.0,17.0,26.0,10.0,4.0,4.0,9.0
7 Dec 2011 (Wed),SLUC Nancy,0,73.0,82.0,51.2%,35.7%,87.5%,9.0,36.0,45.0,14.0,3.0,3.0,14.0
1 Dec 2011 (Thu),Olympiacos Piraeus,1,86.0,92.0,56.0%,25.0%,72.4%,10.0,26.0,36.0,11.0,7.0,1.0,9.0
24 Nov 2011 (Thu),Caja Laboral,0,85.0,94.0,47.8%,52.9%,87.5%,8.0,22.0,30.0,11.0,11.0,1.0,10.0
16 Nov 2011 (Wed),Bennet Cantu,1,85.0,87.0,43.5%,12.5%,77.8%,14.0,26.0,40.0,6.0,8.0,1.0,6.0
9 Nov 2011 (Wed),Gescrap Bilbao Basket,0,73.0,75.0,37.1%,50.0%,79.3%,11.0,23.0,34.0,8.0,12.0,2.0,20.0
3 Nov 2011 (Thu),SLUC Nancy,1,90.0,107.0,68.3%,31.8%,72.2%,7.0,26.0,33.0,27.0,7.0,1.0,14.0
27 Oct 2011 (Thu),Olympiacos Piraeus,0,74.0,66.0,51.2%,25.0%,80.8%,9.0,22.0,31.0,10.0,8.0,6.0,18.0
19 Oct 2011 (Wed),Caja Laboral,1,66.0,63.0,48.7%,21.1%,76.2%,9.0,25.0,34.0,5.0,7.0,1.0,14.0
5 Apr 2013 (Fri),Besiktas JK Istanbul,0,73.0,67.0,46.3%,53.3%,68.8%,8.0,20.0,28.0,15.0,4.0,3.0,14.0
29 Mar 2013 (Fri),Olympiacos Piraeus,1,73.0,77.0,44.4%,26.7%,86.7%,14.0,23.0,37.0,14.0,10.0,2.0,7.0
22 Mar 2013 (Fri),Khimki Moscow Region,0,76.0,80.0,51.6%,46.7%,79.3%,8.0,14.0,22.0,19.0,8.0,0.0,15.0
14 Mar 2013 (Thu),Laboral Kutxa Vitoria,0,67.0,66.0,65.6%,22.2%,76.5%,8.0,15.0,23.0,11.0,8.0,0.0,18.0
7 Mar 2013 (Thu),Maccabi Electra Tel Aviv,1,85.0,86.0,55.8%,38.9%,50.0%,16.0,17.0,33.0,17.0,9.0,0.0,9.0
28 Feb 2013 (Thu),Montepaschi Siena,0,69.0,64.0,54.5%,14.3%,90.0%,9.0,22.0,31.0,5.0,5.0,2.0,20.0
21 Feb 2013 (Thu),FC Barcelona Regal,1,60.0,55.0,33.3%,35.7%,58.3%,14.0,18.0,32.0,15.0,7.0,4.0,12.0
15 Feb 2013 (Fri),Besiktas JK Istanbul,1,78.0,92.0,58.7%,41.7%,75.0%,5.0,20.0,25.0,16.0,8.0,4.0,7.0
31 Jan 2013 (Thu),Olympiacos Piraeus,0,71.0,69.0,48.6%,35.0%,77.8%,7.0,23.0,30.0,7.0,4.0,3.0,9.0
24 Jan 2013 (Thu),Khimki Moscow Region,1,85.0,86.0,53.3%,18.8%,87.5%,13.0,27.0,40.0,9.0,7.0,1.0,17.0
18 Jan 2013 (Fri),Laboral Kutxa Vitoria,1,75.0,64.0,48.9%,26.7%,82.6%,8.0,15.0,23.0,12.0,6.0,0.0,14.0
10 Jan 2013 (Thu),Maccabi Electra Tel Aviv,0,73.0,61.0,50.0%,27.3%,68.4%,12.0,20.0,32.0,9.0,3.0,2.0,8.0
4 Jan 2013 (Fri),Montepaschi Siena,1,92.0,86.0,61.2%,46.7%,73.3%,9.0,17.0,26.0,13.0,4.0,0.0,11.0
28 Dec 2012 (Fri),FC Barcelona Regal,0,78.0,64.0,50.0%,33.3%,92.3%,8.0,10.0,18.0,13.0,5.0,2.0,10.0
13 Dec 2012 (Thu),Mapooro Cantu,1,77.0,90.0,55.6%,23.5%,78.9%,15.0,19.0,34.0,8.0,7.0,2.0,6.0
7 Dec 2012 (Fri),Panathinaikos Athens,0,55.0,37.0,37.5%,26.3%,66.7%,12.0,18.0,30.0,10.0,3.0,0.0,14.0
30 Nov 2012 (Fri),Real Madrid,0,61.0,47.0,46.9%,33.3%,71.4%,6.0,25.0,31.0,4.0,7.0,3.0,17.0
22 Nov 2012 (Thu),Union Olimpija Ljubljana,1,85.0,93.0,61.4%,35.3%,72.2%,4.0,25.0,29.0,15.0,7.0,2.0,6.0
15 Nov 2012 (Thu),Khimki Moscow Region,0,70.0,78.0,47.2%,30.0%,64.7%,12.0,24.0,36.0,14.0,8.0,2.0,11.0
8 Nov 2012 (Thu),Mapooro Cantu,0,58.0,52.0,57.5%,27.3%,50.0%,4.0,15.0,19.0,16.0,4.0,2.0,14.0
1 Nov 2012 (Thu),Panathinaikos Athens,1,73.0,65.0,37.8%,42.9%,81.8%,9.0,17.0,26.0,8.0,11.0,3.0,12.0
25 Oct 2012 (Thu),Real Madrid,1,75.0,81.0,64.7%,30.0%,81.3%,5.0,17.0,22.0,16.0,7.0,2.0,18.0
19 Oct 2012 (Fri),Union Olimpija Ljubljana,0,81.0,79.0,65.5%,43.5%,54.2%,3.0,26.0,29.0,10.0,5.0,1.0,13.0
11 Oct 2012 (Thu),Khimki Moscow Region,1,92.0,99.0,59.6%,33.3%,81.8%,10.0,27.0,37.0,13.0,6.0,4.0,10.0
10 Apr 2014 (Thu),Anadolu Efes Istanbul,1,84.0,90.0,58.2%,27.3%,78.6%,16.0,22.0,38.0,15.0,4.0,3.0,12.0
3 Apr 2014 (Thu),Laboral Kutxa Vitoria,0,73.0,70.0,43.2%,22.2%,88.5%,14.0,23.0,37.0,14.0,6.0,0.0,16.0
28 Mar 2014 (Fri),EA7 Emporio Armani Milan,1,73.0,74.0,59.5%,25.0%,78.6%,5.0,29.0,34.0,11.0,6.0,4.0,13.0
20 Mar 2014 (Thu),Panathinaikos Athens,0,67.0,70.0,48.7%,28.6%,84.6%,5.0,24.0,29.0,13.0,12.0,3.0,9.0
13 Mar 2014 (Thu),Unicaja Malaga,1,69.0,77.0,56.8%,29.4%,57.1%,9.0,23.0,32.0,12.0,7.0,5.0,12.0
6 Mar 2014 (Thu),FC Barcelona,0,73.0,74.0,51.2%,28.6%,79.2%,11.0,22.0,33.0,13.0,6.0,0.0,17.0
28 Feb 2014 (Fri),Olympiacos Piraeus,1,78.0,83.0,53.7%,30.8%,81.5%,8.0,28.0,36.0,13.0,3.0,1.0,11.0
21 Feb 2014 (Fri),Anadolu Efes Istanbul,0,71.0,89.0,69.7%,25.0%,76.9%,8.0,31.0,39.0,18.0,4.0,2.0,16.0
13 Feb 2014 (Thu),Laboral Kutxa Vitoria,1,98.0,117.0,62.3%,40.0%,73.7%,11.0,31.0,42.0,20.0,9.0,1.0,9.0
30 Jan 2014 (Thu),EA7 Emporio Armani Milan,0,85.0,89.0,63.6%,26.7%,83.8%,10.0,19.0,29.0,12.0,8.0,0.0,17.0
23 Jan 2014 (Thu),Panathinaikos Athens,1,77.0,88.0,67.7%,31.6%,65.4%,11.0,19.0,30.0,10.0,7.0,4.0,12.0
17 Jan 2014 (Fri),Unicaja Malaga,0,75.0,70.0,51.2%,40.9%,80.0%,13.0,20.0,33.0,18.0,2.0,1.0,14.0
9 Jan 2014 (Thu),FC Barcelona,1,73.0,75.0,46.7%,30.0%,72.2%,15.0,21.0,36.0,8.0,8.0,3.0,9.0
3 Jan 2014 (Fri),Olympiacos Piraeus,0,82.0,85.0,51.1%,36.8%,76.5%,12.0,25.0,37.0,16.0,2.0,1.0,8.0
19 Dec 2013 (Thu),JSF Nanterre,0,95.0,111.0,75.7%,35.7%,85.7%,4.0,25.0,29.0,14.0,6.0,1.0,16.0
12 Dec 2013 (Thu),Partizan NIS Belgrade,1,77.0,87.0,53.8%,29.2%,77.8%,12.0,18.0,30.0,16.0,11.0,5.0,12.0
6 Dec 2013 (Fri),CSKA Moscow,0,78.0,88.0,48.4%,46.2%,80.0%,8.0,25.0,33.0,17.0,5.0,1.0,12.0
29 Nov 2013 (Fri),FC Barcelona,0,81.0,65.0,42.5%,56.5%,47.1%,10.0,15.0,25.0,14.0,5.0,3.0,13.0
22 Nov 2013 (Fri),Budivelnik Kiev,1,84.0,103.0,69.4%,15.0%,70.0%,12.0,28.0,40.0,21.0,4.0,3.0,8.0
14 Nov 2013 (Thu),JSF Nanterre,1,83.0,100.0,51.3%,38.9%,78.6%,11.0,27.0,38.0,14.0,8.0,2.0,12.0
8 Nov 2013 (Fri),Partizan NIS Belgrade,0,88.0,99.0,57.1%,45.5%,69.2%,11.0,19.0,30.0,17.0,8.0,3.0,11.0
31 Oct 2013 (Thu),CSKA Moscow,1,86.0,105.0,61.4%,27.8%,85.0%,10.0,27.0,37.0,19.0,10.0,2.0,12.0
25 Oct 2013 (Fri),FC Barcelona,1,75.0,87.0,42.0%,33.3%,78.9%,12.0,28.0,40.0,15.0,5.0,5.0,5.0
17 Oct 2013 (Thu),Budivelnik Kiev,0,102.0,117.0,63.6%,47.1%,78.6%,12.0,24.0,36.0,15.0,6.0,1.0,11.0
17 May 2015 (Sun),CSKA Moscow,1,80.0,83.0,52.5%,40.0%,53.8%,10.0,21.0,31.0,19.0,8.0,3.0,16.0
15 May 2015 (Fri),Real Madrid,0,87.0,98.0,61.1%,38.9%,78.6%,9.0,25.0,34.0,17.0,2.0,3.0,13.0
20 Apr 2015 (Mon),Maccabi Electra Tel Aviv,0,75.0,80.0,41.9%,41.7%,50.0%,14.0,28.0,42.0,18.0,4.0,4.0,9.0
16 Apr 2015 (Thu),Maccabi Electra Tel Aviv,1,82.0,90.0,55.6%,37.9%,52.9%,12.0,31.0,43.0,20.0,6.0,2.0,12.0
14 Apr 2015 (Tue),Maccabi Electra Tel Aviv,1,80.0,96.0,50.0%,31.6%,83.3%,17.0,22.0,39.0,17.0,10.0,2.0,11.0
9 Apr 2015 (Thu),Anadolu Efes Istanbul,1,83.0,95.0,52.4%,46.7%,85.7%,9.0,26.0,35.0,10.0,6.0,2.0,10.0
2 Apr 2015 (Thu),Laboral Kutxa Vitoria,0,76.0,79.0,48.6%,46.7%,73.1%,7.0,25.0,32.0,16.0,2.0,3.0,16.0
26 Mar 2015 (Thu),Unicaja Malaga,1,78.0,86.0,50.0%,38.1%,60.0%,13.0,26.0,39.0,17.0,5.0,4.0,9.0
20 Mar 2015 (Fri),EA7 Emporio Armani Milan,1,98.0,129.0,68.3%,40.0%,82.8%,7.0,29.0,36.0,20.0,5.0,2.0,8.0
13 Mar 2015 (Fri),Olympiacos Piraeus,0,73.0,83.0,37.5%,55.0%,52.6%,12.0,30.0,42.0,15.0,8.0,2.0,13.0
5 Mar 2015 (Thu),Nizhny Novgorod,1,92.0,122.0,58.5%,55.6%,77.8%,8.0,25.0,33.0,20.0,5.0,5.0,10.0
27 Feb 2015 (Fri),CSKA Moscow,0,81.0,83.0,47.4%,34.8%,75.0%,16.0,27.0,43.0,12.0,2.0,3.0,13.0
13 Feb 2015 (Fri),Anadolu Efes Istanbul,0,77.0,78.0,55.8%,25.0%,60.7%,12.0,26.0,38.0,14.0,4.0,3.0,15.0
6 Feb 2015 (Fri),Laboral Kutxa Vitoria,1,91.0,104.0,57.4%,35.7%,82.4%,12.0,28.0,40.0,17.0,1.0,5.0,12.0
30 Jan 2015 (Fri),Unicaja Malaga,0,68.0,81.0,57.9%,27.8%,69.2%,8.0,30.0,38.0,16.0,9.0,3.0,15.0
22 Jan 2015 (Thu),EA7 Emporio Armani Milan,0,82.0,99.0,63.0%,21.1%,85.7%,13.0,20.0,33.0,18.0,9.0,3.0,9.0
16 Jan 2015 (Fri),Olympiacos Piraeus,1,68.0,65.0,51.4%,39.1%,45.5%,7.0,19.0,26.0,14.0,5.0,6.0,11.0
9 Jan 2015 (Fri),Nizhny Novgorod,0,78.0,80.0,56.9%,33.3%,35.7%,12.0,21.0,33.0,8.0,6.0,3.0,4.0
2 Jan 2015 (Fri),CSKA Moscow,1,81.0,76.0,42.9%,38.5%,62.5%,13.0,30.0,43.0,20.0,5.0,5.0,19.0
19 Dec 2014 (Fri),FC Bayern Munich,1,87.0,112.0,68.3%,33.3%,80.0%,6.0,23.0,29.0,24.0,4.0,5.0,16.0
11 Dec 2014 (Thu),FC Barcelona,0,91.0,97.0,63.2%,41.7%,61.9%,8.0,21.0,29.0,17.0,11.0,3.0,15.0
4 Dec 2014 (Thu),Panathinaikos Athens,1,84.0,101.0,57.5%,37.0%,66.7%,14.0,26.0,40.0,17.0,12.0,1.0,12.0
27 Nov 2014 (Thu),PGE Turow Zgorzelec,1,89.0,104.0,54.0%,38.9%,58.3%,11.0,27.0,38.0,15.0,7.0,6.0,7.0
20 Nov 2014 (Thu),EA7 Emporio Armani Milan,0,80.0,91.0,52.8%,40.0%,60.0%,11.0,30.0,41.0,17.0,7.0,3.0,13.0
13 Nov 2014 (Thu),FC Bayern Munich,0,93.0,114.0,50.0%,56.7%,72.7%,10.0,23.0,33.0,21.0,5.0,5.0,8.0
6 Nov 2014 (Thu),FC Barcelona,1,78.0,77.0,55.4%,16.7%,58.8%,13.0,25.0,38.0,13.0,5.0,3.0,11.0
30 Oct 2014 (Thu),Panathinaikos Athens,0,73.0,82.0,52.2%,19.0%,81.3%,13.0,16.0,29.0,20.0,5.0,2.0,7.0
23 Oct 2014 (Thu),PGE Turow Zgorzelec,0,91.0,94.0,57.1%,23.1%,75.0%,13.0,20.0,33.0,14.0,13.0,0.0,11.0
17 Oct 2014 (Fri),EA7 Emporio Armani Milan,1,77.0,84.0,55.8%,33.3%,66.7%,15.0,20.0,35.0,14.0,6.0,7.0,12.0
15 May 2016 (Sun),CSKA Moscow,1,96.0,94.0,45.0%,36.7%,69.2%,16.0,22.0,38.0,16.0,6.0,4.0,13.0
13 May 2016 (Fri),Laboral Kutxa Vitoria Gasteiz,1,88.0,108.0,62.9%,31.0%,70.8%,12.0,30.0,42.0,21.0,5.0,5.0,14.0
19 Apr 2016 (Tue),Real Madrid,0,75.0,93.0,52.6%,29.2%,77.8%,14.0,32.0,46.0,12.0,5.0,3.0,12.0
14 Apr 2016 (Thu),Real Madrid,1,100.0,119.0,59.5%,40.7%,70.8%,13.0,22.0,35.0,22.0,3.0,4.0,7.0
12 Apr 2016 (Tue),Real Madrid,1,75.0,83.0,50.0%,40.0%,78.9%,6.0,27.0,33.0,10.0,5.0,2.0,13.0
8 Apr 2016 (Fri),Unicaja Malaga,0,67.0,71.0,37.5%,41.7%,65.0%,10.0,23.0,33.0,16.0,4.0,3.0,12.0
1 Apr 2016 (Fri),Anadolu Efes Istanbul,1,90.0,102.0,46.3%,40.0%,88.9%,18.0,19.0,37.0,18.0,6.0,4.0,10.0
25 Mar 2016 (Fri),Cedevita Zagreb,0,59.0,37.0,50.0%,17.4%,64.3%,10.0,19.0,29.0,8.0,5.0,1.0,14.0
17 Mar 2016 (Thu),Darussafaka Dogus Istanbul,1,77.0,91.0,57.6%,39.1%,85.7%,8.0,21.0,29.0,16.0,5.0,4.0,10.0
10 Mar 2016 (Thu),Lokomotiv Kuban Krasnodar,0,55.0,57.0,44.7%,33.3%,75.0%,7.0,30.0,37.0,11.0,4.0,5.0,14.0
4 Mar 2016 (Fri),Crvena Zvezda Telekom Belgrade,1,72.0,81.0,52.9%,40.9%,52.9%,6.0,29.0,35.0,18.0,3.0,6.0,14.0
25 Feb 2016 (Thu),Panathinaikos Athens,0,71.0,75.0,54.5%,34.8%,73.3%,9.0,21.0,30.0,12.0,4.0,5.0,13.0
11 Feb 2016 (Thu),Unicaja Malaga,1,80.0,100.0,53.1%,55.0%,72.2%,7.0,32.0,39.0,17.0,2.0,8.0,12.0
5 Feb 2016 (Fri),Anadolu Efes Istanbul,0,77.0,88.0,67.6%,30.0%,60.0%,9.0,26.0,35.0,19.0,5.0,7.0,18.0
28 Jan 2016 (Thu),Cedevita Zagreb,1,86.0,105.0,61.0%,40.9%,56.3%,7.0,20.0,27.0,19.0,6.0,6.0,8.0
22 Jan 2016 (Fri),Darussafaka Dogus Istanbul,0,106.0,120.0,64.1%,55.0%,79.3%,12.0,26.0,38.0,17.0,2.0,1.0,13.0
14 Jan 2016 (Thu),Lokomotiv Kuban Krasnodar,1,85.0,99.0,52.5%,37.5%,75.8%,12.0,25.0,37.0,17.0,7.0,3.0,12.0
8 Jan 2016 (Fri),Crvena Zvezda Telekom Belgrade,0,88.0,119.0,52.3%,43.5%,70.6%,17.0,29.0,46.0,22.0,10.0,7.0,11.0
30 Dec 2015 (Wed),Panathinaikos Athens,1,82.0,97.0,52.8%,40.0%,80.0%,11.0,20.0,31.0,16.0,5.0,7.0,12.0
17 Dec 2015 (Thu),Khimki Moscow Region,0,70.0,84.0,52.8%,42.9%,55.6%,6.0,23.0,29.0,20.0,10.0,5.0,15.0
11 Dec 2015 (Fri),Crvena Zvezda Telekom Belgrade,1,79.0,103.0,52.4%,40.0%,84.6%,4.0,25.0,29.0,16.0,7.0,7.0,7.0
3 Dec 2015 (Thu),Real Madrid,0,73.0,63.0,47.2%,28.6%,84.0%,12.0,23.0,35.0,10.0,2.0,0.0,14.0
26 Nov 2015 (Thu),Strasbourg,1,81.0,90.0,63.4%,35.3%,55.0%,6.0,24.0,30.0,21.0,5.0,2.0,12.0
19 Nov 2015 (Thu),FC Bayern Munich,0,84.0,112.0,57.7%,42.4%,70.6%,8.0,26.0,34.0,21.0,6.0,4.0,8.0
13 Nov 2015 (Fri),Khimki Moscow Region,1,88.0,95.0,50.0%,35.3%,82.4%,10.0,25.0,35.0,19.0,6.0,4.0,13.0
6 Nov 2015 (Fri),Crvena Zvezda Telekom Belgrade,0,74.0,84.0,50.0%,25.0%,77.8%,17.0,22.0,39.0,15.0,6.0,3.0,11.0
30 Oct 2015 (Fri),Real Madrid,1,77.0,87.0,48.0%,36.4%,85.0%,11.0,24.0,35.0,13.0,8.0,4.0,12.0
23 Oct 2015 (Fri),Strasbourg,0,70.0,66.0,35.9%,47.8%,75.0%,10.0,17.0,27.0,17.0,2.0,2.0,13.0
16 Oct 2015 (Fri),FC Bayern Munich,1,74.0,87.0,44.4%,28.6%,90.0%,16.0,28.0,44.0,15.0,7.0,2.0,13.0
21 May 2017 (Sun),Olympiacos Piraeus,1,80.0,108.0,41.9%,52.0%,78.9%,11.0,29.0,40.0,20.0,2.0,9.0,8.0
19 May 2017 (Fri),Real Madrid,1,84.0,108.0,59.5%,36.8%,90.5%,9.0,25.0,34.0,24.0,8.0,3.0,16.0
25 Apr 2017 (Tue),Panathinaikos Superfoods Athens,1,79.0,93.0,50.0%,48.1%,74.1%,7.0,31.0,38.0,16.0,3.0,5.0,19.0
20 Apr 2017 (Thu),Panathinaikos Superfoods Athens,0,80.0,99.0,55.3%,50.0%,71.4%,9.0,24.0,33.0,18.0,4.0,4.0,10.0
18 Apr 2017 (Tue),Panathinaikos Superfoods Athens,0,71.0,83.0,51.7%,59.1%,50.0%,4.0,20.0,24.0,20.0,7.0,7.0,13.0
6 Apr 2017 (Thu),FC Barcelona Lassa,1,68.0,88.0,48.6%,23.1%,73.7%,13.0,32.0,45.0,15.0,13.0,2.0,17.0
31 Mar 2017 (Fri),Real Madrid,0,56.0,55.0,38.9%,30.4%,46.7%,11.0,21.0,32.0,12.0,9.0,3.0,10.0
23 Mar 2017 (Thu),Anadolu Efes Istanbul,0,77.0,84.0,44.1%,34.8%,85.2%,15.0,20.0,35.0,14.0,11.0,1.0,15.0
21 Mar 2017 (Tue),Maccabi FOX Tel Aviv,1,79.0,86.0,50.0%,46.4%,60.0%,10.0,23.0,33.0,20.0,5.0,2.0,12.0
16 Mar 2017 (Thu),Brose Bamberg,0,83.0,97.0,60.7%,43.5%,79.2%,2.0,29.0,31.0,14.0,4.0,8.0,14.0
9 Mar 2017 (Thu),Baskonia Vitoria Gasteiz,1,74.0,81.0,58.1%,30.8%,73.7%,8.0,20.0,28.0,15.0,10.0,2.0,12.0
2 Mar 2017 (Thu),Zalgiris Kaunas,0,76.0,102.0,57.1%,42.9%,88.9%,4.0,23.0,27.0,22.0,10.0,5.0,9.0
23 Feb 2017 (Thu),Olympiacos Piraeus,1,67.0,73.0,37.1%,29.6%,81.0%,14.0,24.0,38.0,13.0,7.0,5.0,9.0
10 Feb 2017 (Fri),Darussafaka Dogus Istanbul,0,65.0,60.0,56.4%,19.0%,81.8%,9.0,26.0,35.0,11.0,4.0,2.0,12.0
2 Feb 2017 (Thu),CSKA Moscow,1,77.0,92.0,51.6%,26.1%,84.4%,9.0,27.0,36.0,17.0,6.0,4.0,13.0
26 Jan 2017 (Thu),Galatasaray Odeabank Istanbul,1,85.0,97.0,60.0%,50.0%,58.3%,7.0,19.0,26.0,19.0,5.0,2.0,9.0
24 Jan 2017 (Tue),Unics Kazan,0,86.0,91.0,62.5%,50.0%,72.2%,6.0,14.0,20.0,22.0,7.0,0.0,10.0
19 Jan 2017 (Thu),Panathinaikos Superfoods Athens,1,84.0,105.0,55.0%,42.9%,86.7%,14.0,24.0,38.0,20.0,8.0,3.0,14.0
12 Jan 2017 (Thu),Crvena Zvezda mts Belgrade,0,73.0,85.0,57.7%,40.7%,71.4%,4.0,20.0,24.0,20.0,6.0,5.0,10.0
6 Jan 2017 (Fri),EA7 Emporio Armani Milan,1,86.0,108.0,58.5%,52.6%,57.1%,9.0,24.0,33.0,20.0,9.0,3.0,14.0
29 Dec 2016 (Thu),Olympiacos Piraeus,0,62.0,61.0,46.2%,27.3%,72.7%,13.0,23.0,36.0,12.0,4.0,4.0,14.0
23 Dec 2016 (Fri),CSKA Moscow,0,95.0,108.0,51.1%,44.0%,72.7%,8.0,23.0,31.0,20.0,15.0,6.0,11.0
21 Dec 2016 (Wed),Darussafaka Dogus Istanbul,1,64.0,62.0,56.1%,23.5%,54.5%,9.0,23.0,32.0,15.0,5.0,5.0,14.0
16 Dec 2016 (Fri),Panathinaikos Superfoods Athens,0,70.0,76.0,45.7%,35.3%,69.0%,10.0,30.0,40.0,13.0,2.0,1.0,12.0
8 Dec 2016 (Thu),Crvena Zvezda mts Belgrade,1,87.0,120.0,69.4%,46.7%,76.2%,4.0,34.0,38.0,24.0,3.0,6.0,17.0
1 Dec 2016 (Thu),Real Madrid,1,78.0,89.0,54.8%,44.4%,66.7%,6.0,26.0,32.0,23.0,3.0,1.0,12.0
24 Nov 2016 (Thu),EA7 Emporio Armani Milan,0,79.0,85.0,61.1%,31.8%,73.7%,10.0,23.0,33.0,11.0,7.0,4.0,14.0
17 Nov 2016 (Thu),Anadolu Efes Istanbul,1,88.0,106.0,60.5%,42.1%,81.8%,8.0,26.0,34.0,17.0,8.0,3.0,11.0
15 Nov 2016 (Tue),Maccabi FOX Tel Aviv,0,77.0,91.0,47.9%,41.2%,76.9%,10.0,23.0,33.0,18.0,7.0,3.0,18.0
11 Nov 2016 (Fri),Baskonia Vitoria Gasteiz,0,52.0,36.0,36.6%,15.4%,71.4%,14.0,21.0,35.0,10.0,5.0,3.0,14.0
2 Nov 2016 (Wed),Unics Kazan,1,73.0,73.0,46.9%,41.7%,76.5%,7.0,21.0,28.0,18.0,6.0,4.0,14.0
28 Oct 2016 (Fri),Galatasaray Odeabank Istanbul,0,103.0,125.0,54.0%,57.1%,76.5%,17.0,20.0,37.0,25.0,6.0,2.0,10.0
26 Oct 2016 (Wed),Zalgiris Kaunas,1,82.0,105.0,50.0%,47.4%,95.5%,9.0,21.0,30.0,22.0,5.0,3.0,12.0
21 Oct 2016 (Fri),FC Barcelona Lassa,0,73.0,80.0,42.4%,52.4%,92.3%,6.0,19.0,25.0,16.0,7.0,3.0,12.0
14 Oct 2016 (Fri),Brose Bamberg,1,67.0,78.0,35.0%,50.0%,78.3%,7.0,26.0,33.0,16.0,5.0,1.0,9.0
20 May 2018 (Sun),Real Madrid,0,80.0,82.0,53.8%,35.0%,85.0%,10.0,19.0,29.0,17.0,4.0,2.0,12.0
18 May 2018 (Fri),Zalgiris Kaunas,1,76.0,77.0,57.1%,38.9%,63.6%,9.0,13.0,22.0,16.0,13.0,3.0,10.0
26 Apr 2018 (Thu),KIROLBET Baskonia Vitoria Gasteiz,0,92.0,104.0,55.9%,35.7%,88.9%,12.0,15.0,27.0,21.0,11.0,2.0,11.0
24 Apr 2018 (Tue),KIROLBET Baskonia Vitoria Gasteiz,0,83.0,93.0,51.5%,48.0%,68.4%,9.0,19.0,28.0,19.0,4.0,3.0,10.0
20 Apr 2018 (Fri),KIROLBET Baskonia Vitoria Gasteiz,1,95.0,113.0,67.6%,34.8%,80.6%,9.0,25.0,34.0,15.0,8.0,1.0,12.0
18 Apr 2018 (Wed),KIROLBET Baskonia Vitoria Gasteiz,1,82.0,100.0,54.5%,47.6%,88.9%,12.0,22.0,34.0,21.0,8.0,2.0,17.0
5 Apr 2018 (Thu),Unicaja Malaga,1,91.0,96.0,60.5%,45.8%,85.7%,10.0,22.0,32.0,24.0,6.0,2.0,21.0
29 Mar 2018 (Thu),Khimki Moscow Region,0,73.0,89.0,48.4%,35.0%,81.5%,14.0,24.0,38.0,16.0,3.0,3.0,12.0
22 Mar 2018 (Thu),Crvena Zvezda mts Belgrade,0,80.0,102.0,51.9%,58.3%,71.4%,4.0,26.0,30.0,22.0,7.0,1.0,12.0
20 Mar 2018 (Tue),Maccabi FOX Tel Aviv,1,87.0,106.0,46.5%,52.4%,73.7%,11.0,27.0,38.0,22.0,8.0,1.0,7.0
16 Mar 2018 (Fri),CSKA Moscow,1,79.0,98.0,75.9%,31.6%,77.3%,5.0,27.0,32.0,21.0,3.0,4.0,18.0
9 Mar 2018 (Fri),Zalgiris Kaunas,0,85.0,101.0,56.3%,44.4%,100.0%,3.0,19.0,22.0,25.0,4.0,4.0,10.0
2 Mar 2018 (Fri),Real Madrid,0,86.0,88.0,41.2%,65.0%,82.6%,8.0,21.0,29.0,16.0,7.0,0.0,13.0
22 Feb 2018 (Thu),AX Armani Exchange Olimpia Milan,1,89.0,114.0,60.5%,56.3%,90.9%,7.0,26.0,33.0,23.0,5.0,3.0,11.0
9 Feb 2018 (Fri),Brose Bamberg,1,77.0,100.0,66.7%,19.0%,81.0%,12.0,23.0,35.0,17.0,10.0,2.0,10.0
1 Feb 2018 (Thu),Olympiacos Piraeus,0,70.0,65.0,43.2%,40.9%,78.6%,15.0,14.0,29.0,15.0,6.0,5.0,18.0
26 Jan 2018 (Fri),FC Barcelona Lassa,1,86.0,107.0,60.0%,40.0%,74.1%,10.0,22.0,32.0,22.0,6.0,1.0,11.0
19 Jan 2018 (Fri),Anadolu Efes Istanbul,0,89.0,107.0,60.0%,50.0%,76.9%,8.0,21.0,29.0,22.0,6.0,11.0,
17 Jan 2018 (Wed),Panathinaikos Superfoods Athens,1,67.0,77.0,48.8%,26.3%,71.4%,12.0,26.0,38.0,15.0,2.0,2.0,7.0
11 Jan 2018 (Thu),Valencia Basket,0,80.0,91.0,60.0%,45.8%,62.5%,7.0,22.0,29.0,21.0,8.0,2.0,9.0
5 Jan 2018 (Fri),KIROLBET Baskonia Vitoria Gasteiz,1,79.0,93.0,44.2%,42.1%,81.0%,13.0,26.0,39.0,19.0,6.0,2.0,13.0
28 Dec 2017 (Thu),Real Madrid,1,77.0,76.0,46.5%,38.9%,80.0%,10.0,23.0,33.0,13.0,10.0,2.0,14.0
21 Dec 2017 (Thu),Maccabi FOX Tel Aviv,0,73.0,67.0,40.0%,28.0%,83.3%,14.0,19.0,33.0,14.0,6.0,2.0,10.0
19 Dec 2017 (Tue),Crvena Zvezda mts Belgrade,1,82.0,113.0,52.5%,40.0%,94.1%,12.0,29.0,41.0,23.0,5.0,4.0,13.0
14 Dec 2017 (Thu),Zalgiris Kaunas,1,89.0,107.0,40.0%,52.0%,69.2%,12.0,13.0,25.0,21.0,8.0,6.0,2.0
8 Dec 2017 (Fri),FC Barcelona Lassa,0,83.0,96.0,57.8%,36.8%,58.8%,8.0,25.0,33.0,15.0,8.0,3.0,5.0
30 Nov 2017 (Thu),KIROLBET Baskonia Vitoria Gasteiz,0,83.0,100.0,62.8%,31.8%,80.0%,10.0,22.0,32.0,23.0,9.0,4.0,11.0
24 Nov 2017 (Fri),Khimki Moscow Region,1,71.0,81.0,43.8%,40.9%,69.6%,11.0,26.0,37.0,15.0,4.0,2.0,13.0
17 Nov 2017 (Fri),CSKA Moscow,0,95.0,109.0,50.9%,53.3%,78.9%,18.0,19.0,37.0,27.0,7.0,3.0,17.0
15 Nov 2017 (Wed),Olympiacos Piraeus,1,83.0,89.0,50.0%,36.4%,87.5%,11.0,15.0,26.0,17.0,7.0,4.0,17.0
10 Nov 2017 (Fri),Brose Bamberg,0,80.0,108.0,58.1%,50.0%,87.5%,3.0,26.0,29.0,21.0,7.0,6.0,11.0
2 Nov 2017 (Thu),Valencia Basket,1,79.0,100.0,66.7%,36.8%,60.0%,10.0,18.0,28.0,22.0,7.0,1.0,8.0
27 Oct 2017 (Fri),Panathinaikos Superfoods Athens,0,68.0,72.0,43.2%,53.8%,88.2%,7.0,28.0,35.0,12.0,5.0,4.0,14.0
25 Oct 2017 (Wed),Anadolu Efes Istanbul,1,81.0,101.0,59.0%,36.8%,73.7%,8.0,28.0,36.0,21.0,5.0,5.0,12.0
19 Oct 2017 (Thu),AX Armani Exchange Olimpia Milan,0,92.0,104.0,64.3%,40.0%,66.7%,12.0,26.0,38.0,19.0,2.0,4.0,13.0
12 Oct 2017 (Thu),Unicaja Malaga,0,67.0,74.0,51.4%,50.0%,77.8%,4.0,24.0,28.0,20.0,4.0,5.0,13.0
19 May 2019 (Sun),Real Madrid,1,75.0,69.0,50.0%,37.0%,86.7%,5.0,18.0,23.0,15.0,7.0,2.0,11.0
17 May 2019 (Fri),Anadolu Efes Istanbul,1,73.0,74.0,50.0%,28.6%,81.3%,6.0,19.0,25.0,20.0,5.0,2.0,5.0
25 Apr 2019 (Thu),Zalgiris Kaunas,0,99.0,122.0,71.0%,68.2%,90.9%,2.0,17.0,19.0,24.0,12.0,3.0,11.0
23 Apr 2019 (Tue),Zalgiris Kaunas,0,66.0,76.0,44.0%,29.4%,82.4%,16.0,19.0,35.0,13.0,12.0,3.0,11.0
18 Apr 2019 (Thu),Zalgiris Kaunas,1,80.0,86.0,52.9%,50.0%,85.0%,5.0,16.0,21.0,15.0,5.0,1.0,12.0
16 Apr 2019 (Tue),Zalgiris Kaunas,1,76.0,84.0,59.3%,41.4%,66.7%,2.0,25.0,27.0,17.0,6.0,5.0,11.0
5 Apr 2019 (Fri),Maccabi FOX Tel Aviv,1,78.0,88.0,50.0%,40.0%,78.3%,5.0,34.0,39.0,10.0,3.0,4.0,10.0
28 Mar 2019 (Thu),AX Armani Exchange Olimpia Milan,0,104.0,110.0,60.0%,48.1%,92.0%,10.0,17.0,27.0,16.0,6.0,3.0,9.0
21 Mar 2019 (Thu),CSKA Moscow,0,68.0,74.0,58.1%,26.1%,82.4%,9.0,17.0,26.0,13.0,10.0,2.0,12.0
19 Mar 2019 (Tue),Buducnost VOLI Podgorica,1,76.0,92.0,74.1%,26.9%,75.0%,7.0,25.0,32.0,18.0,8.0,2.0,12.0
15 Mar 2019 (Fri),FC Barcelona Lassa,1,88.0,93.0,42.1%,44.7%,91.3%,11.0,21.0,32.0,19.0,5.0,5.0,15.0
7 Mar 2019 (Thu),Real Madrid,0,86.0,80.0,55.3%,50.0%,82.4%,7.0,20.0,27.0,14.0,3.0,0.0,10.0
28 Feb 2019 (Thu),Anadolu Efes Istanbul,1,84.0,94.0,50.0%,56.0%,100.0%,7.0,29.0,36.0,17.0,6.0,5.0,13.0
22 Feb 2019 (Fri),Darussafaka Tekfen Istanbul,0,97.0,125.0,75.0%,44.0%,73.3%,10.0,23.0,33.0,19.0,9.0,5.0,17.0
8 Feb 2019 (Fri),Panathinaikos OPAP Athens,1,85.0,101.0,65.6%,41.4%,70.0%,8.0,25.0,33.0,23.0,7.0,2.0,12.0
31 Jan 2019 (Thu),FC Bayern Munich,0,86.0,87.0,55.8%,42.3%,62.5%,8.0,26.0,34.0,17.0,6.0,2.0,14.0
24 Jan 2019 (Thu),Olympiacos Piraeus,1,90.0,102.0,68.6%,56.3%,100.0%,3.0,20.0,23.0,20.0,9.0,1.0,14.0
17 Jan 2019 (Thu),Herbalife Gran Canaria,0,82.0,103.0,58.5%,50.0%,58.3%,4.0,30.0,34.0,18.0,8.0,3.0,11.0
10 Jan 2019 (Thu),Zalgiris Kaunas,1,78.0,95.0,72.2%,31.3%,78.6%,5.0,19.0,24.0,24.0,8.0,3.0,13.0
8 Jan 2019 (Tue),Khimki Moscow Region,0,78.0,93.0,60.7%,26.9%,92.0%,9.0,25.0,34.0,19.0,8.0,2.0,15.0
4 Jan 2019 (Fri),KIROLBET Baskonia Vitoria-Gasteiz,1,96.0,111.0,54.3%,57.7%,72.2%,9.0,13.0,22.0,22.0,9.0,0.0,8.0
28 Dec 2018 (Fri),Real Madrid,1,65.0,64.0,52.8%,23.1%,81.8%,11.0,26.0,37.0,9.0,3.0,2.0,11.0
20 Dec 2018 (Thu),Buducnost VOLI Podgorica,0,89.0,100.0,50.0%,55.6%,66.7%,13.0,21.0,34.0,15.0,7.0,1.0,8.0
18 Dec 2018 (Tue),CSKA Moscow,1,79.0,101.0,54.3%,30.8%,68.0%,14.0,23.0,37.0,17.0,7.0,2.0,11.0
13 Dec 2018 (Thu),AX Armani Exchange Olimpia Milan,1,92.0,114.0,64.3%,41.2%,85.0%,7.0,20.0,27.0,22.0,8.0,1.0,7.0
7 Dec 2018 (Fri),Panathinaikos OPAP Athens,0,81.0,108.0,50.0%,61.9%,66.7%,9.0,27.0,36.0,25.0,4.0,3.0,16.0
30 Nov 2018 (Fri),FC Barcelona Lassa,0,84.0,96.0,59.5%,47.4%,70.0%,9.0,26.0,35.0,17.0,5.0,4.0,11.0
22 Nov 2018 (Thu),Maccabi FOX Tel Aviv,0,74.0,78.0,50.0%,42.1%,93.3%,8.0,25.0,33.0,10.0,4.0,1.0,14.0
20 Nov 2018 (Tue),Darussafaka Tekfen Istanbul,1,100.0,126.0,66.7%,45.0%,81.0%,7.0,25.0,32.0,22.0,7.0,2.0,7.0
15 Nov 2018 (Thu),Olympiacos Piraeus,0,73.0,73.0,42.1%,45.0%,93.3%,9.0,23.0,32.0,14.0,2.0,2.0,9.0
9 Nov 2018 (Fri),KIROLBET Baskonia Vitoria-Gasteiz,0,74.0,77.0,50.0%,40.0%,78.3%,9.0,18.0,27.0,16.0,9.0,2.0,16.0
1 Nov 2018 (Thu),FC Bayern Munich,1,88.0,116.0,65.8%,47.4%,78.6%,9.0,10.0,19.0,23.0,11.0,2.0,10.0
25 Oct 2018 (Thu),Anadolu Efes Istanbul,0,83.0,102.0,67.4%,29.4%,76.9%,6.0,22.0,28.0,26.0,5.0,2.0,8.0
19 Oct 2018 (Fri),Zalgiris Kaunas,0,82.0,100.0,57.1%,47.8%,94.4%,7.0,12.0,19.0,21.0,6.0,2.0,10.0
17 Oct 2018 (Wed),Khimki Moscow Region,1,93.0,116.0,69.7%,61.1%,73.7%,6.0,23.0,29.0,18.0,9.0,3.0,17.0
12 Oct 2018 (Fri),Herbalife Gran Canaria,1,97.0,126.0,64.4%,35.3%,84.0%,11.0,28.0,39.0,23.0,6.0,1.0,10.0
13 Mar 2020 (Fri),Panathinaikos OPAP Athens,1,,,,,,,,,,,,
6 Mar 2020 (Fri),Khimki Moscow Region,0,68.0,72.0,50.0%,38.1%,88.9%,5.0,21.0,26.0,15.0,9.0,3.0,13.0
4 Mar 2020 (Wed),Crvena Zvezda mts Belgrade,1,66.0,74.0,50.0%,31.8%,72.2%,5.0,23.0,28.0,13.0,8.0,2.0,10.0
28 Feb 2020 (Fri),Valencia Basket,0,93.0,109.0,75.0%,56.0%,90.0%,3.0,21.0,24.0,24.0,8.0,13.0,
20 Feb 2020 (Thu),Real Madrid,1,65.0,51.0,45.9%,26.3%,80.0%,8.0,12.0,20.0,11.0,7.0,0.0,14.0
7 Feb 2020 (Fri),Maccabi FOX Tel Aviv,1,77.0,90.0,55.6%,25.0%,86.4%,12.0,18.0,30.0,17.0,7.0,0.0,10.0
5 Feb 2020 (Wed),Zenit St Petersburg,0,73.0,77.0,62.1%,43.5%,77.8%,8.0,24.0,32.0,17.0,4.0,2.0,17.0
30 Jan 2020 (Thu),ALBA Berlin,0,74.0,81.0,58.6%,41.7%,83.3%,6.0,25.0,31.0,16.0,7.0,4.0,19.0
24 Jan 2020 (Fri),AX Armani Exchange Milan,1,73.0,85.0,58.6%,38.5%,81.8%,6.0,23.0,29.0,22.0,8.0,0.0,13.0
16 Jan 2020 (Thu),FC Barcelona,1,74.0,72.0,57.7%,30.8%,76.9%,10.0,24.0,34.0,18.0,3.0,3.0,17.0
14 Jan 2020 (Tue),LDLC ASVEL Villeurbanne,1,86.0,109.0,51.2%,47.4%,89.5%,9.0,26.0,35.0,21.0,9.0,2.0,14.0
9 Jan 2020 (Thu),KIROLBET Baskonia Vitoria-Gasteiz,0,79.0,90.0,52.4%,59.3%,90.0%,4.0,22.0,26.0,22.0,5.0,1.0,17.0
2 Jan 2020 (Thu),Olympiacos Piraeus,0,96.0,110.0,50.0%,55.2%,93.3%,11.0,16.0,27.0,20.0,11.0,0.0,10.0
27 Dec 2019 (Fri),Valencia Basket,1,98.0,104.0,54.1%,38.7%,95.7%,10.0,21.0,31.0,16.0,9.0,2.0,12.0
19 Dec 2019 (Thu),Zenit St Petersburg,1,81.0,85.0,48.4%,46.2%,75.0%,10.0,22.0,32.0,22.0,1.0,0.0,14.0
17 Dec 2019 (Tue),Panathinaikos OPAP Athens,0,78.0,89.0,57.9%,21.7%,90.5%,9.0,18.0,27.0,18.0,11.0,1.0,11.0
12 Dec 2019 (Thu),Anadolu Efes Istanbul,1,73.0,76.0,54.3%,38.5%,62.5%,8.0,19.0,27.0,18.0,6.0,1.0,13.0
6 Dec 2019 (Fri),ALBA Berlin,1,107.0,123.0,62.2%,42.3%,90.3%,9.0,24.0,33.0,23.0,5.0,1.0,16.0
28 Nov 2019 (Thu),Khimki Moscow Region,1,89.0,106.0,63.9%,54.2%,50.0%,5.0,24.0,29.0,17.0,9.0,2.0,13.0
22 Nov 2019 (Fri),LDLC ASVEL Villeurbanne,0,88.0,120.0,59.5%,69.2%,85.0%,7.0,28.0,35.0,21.0,3.0,5.0,16.0
20 Nov 2019 (Wed),FC Barcelona,0,63.0,55.0,62.2%,23.8%,20.0%,5.0,21.0,26.0,14.0,3.0,2.0,16.0
15 Nov 2019 (Fri),CSKA Moscow,0,70.0,64.0,52.8%,25.0%,73.3%,12.0,19.0,31.0,15.0,4.0,2.0,8.0
8 Nov 2019 (Fri),FC Bayern Munich,1,90.0,109.0,66.7%,50.0%,93.3%,3.0,17.0,20.0,24.0,6.0,3.0,9.0
1 Nov 2019 (Fri),Zalgiris Kaunas,1,76.0,67.0,47.4%,38.1%,61.5%,10.0,13.0,23.0,15.0,7.0,12.0,
30 Oct 2019 (Wed),Maccabi FOX Tel Aviv,0,55.0,40.0,26.5%,47.6%,58.3%,7.0,24.0,31.0,11.0,9.0,1.0,17.0
25 Oct 2019 (Fri),AX Armani Exchange Milan,0,74.0,78.0,48.8%,27.3%,76.2%,11.0,20.0,31.0,16.0,3.0,1.0,8.0
17 Oct 2019 (Thu),KIROLBET Baskonia Vitoria-Gasteiz,1,87.0,98.0,57.1%,50.0%,70.6%,7.0,27.0,34.0,21.0,5.0,3.0,15.0
10 Oct 2019 (Thu),Crvena Zvezda mts Belgrade,0,56.0,46.0,34.5%,31.0%,64.3%,11.0,19.0,30.0,14.0,5.0,3.0,12.0
3 Oct 2019 (Thu),Real Madrid,0,77.0,76.0,51.5%,38.1%,90.5%,11.0,20.0,31.0,12.0,5.0,1.0,17.0
20 Mar 2020 (Fri),FC Bayern Munich,0,,,,,,,,,,,,
24 Mar 2020 (Tue),Zalgiris Kaunas,0,,,,,,,,,,,,
26 Mar 2020 (Thu),CSKA Moscow,1,,,,,,,,,,,,
2 Apr 2020 (Thu),Olympiacos Piraeus,1,,,,,,,,,,,,
10 Apr 2020 (Fri),Anadolu Efes Istanbul,0,,,,,,,,,,,,
28 Apr 2021 (Wed),CSKA Moscow,1,68.0,57.0,56.4%,31.6%,60.0%,8.0,22.0,30.0,13.0,5.0,0.0,19.0
23 Apr 2021 (Fri),CSKA Moscow,0,67.0,73.0,53.6%,40.0%,79.2%,4.0,21.0,25.0,9.0,5.0,1.0,14.0
21 Apr 2021 (Wed),CSKA Moscow,0,76.0,71.0,52.6%,41.2%,78.9%,6.0,15.0,21.0,15.0,10.0,3.0,15.0
8 Apr 2021 (Thu),Real Madrid,1,67.0,64.0,48.7%,41.7%,87.5%,5.0,23.0,28.0,7.0,2.0,3.0,15.0
2 Apr 2021 (Fri),FC Barcelona,1,73.0,76.0,55.9%,41.2%,87.5%,9.0,12.0,21.0,15.0,8.0,1.0,16.0
30 Mar 2021 (Tue),FC Bayern Munich,0,77.0,91.0,61.1%,33.3%,75.0%,7.0,23.0,30.0,11.0,5.0,3.0,11.0
26 Mar 2021 (Fri),Olympiacos Piraeus,0,76.0,96.0,68.4%,21.1%,100.0%,7.0,22.0,29.0,18.0,12.0,1.0,16.0
18 Mar 2021 (Thu),Zalgiris Kaunas,1,84.0,117.0,60.5%,55.6%,66.7%,9.0,30.0,39.0,23.0,5.0,2.0,11.0
12 Mar 2021 (Fri),Valencia Basket,0,52.0,36.0,56.3%,13.0%,70.0%,4.0,26.0,30.0,12.0,7.0,1.0,18.0
5 Mar 2021 (Fri),LDLC ASVEL Villeurbanne,0,90.0,103.0,56.1%,52.6%,82.4%,9.0,23.0,32.0,19.0,5.0,3.0,12.0
3 Mar 2021 (Wed),AX Armani Exchange Milan,0,100.0,126.0,58.1%,52.2%,93.3%,12.0,23.0,35.0,23.0,7.0,2.0,10.0
26 Feb 2021 (Fri),Anadolu Efes Istanbul,1,74.0,62.0,58.3%,28.6%,66.7%,10.0,14.0,24.0,16.0,4.0,2.0,14.0
19 Feb 2021 (Fri),ALBA Berlin,1,89.0,104.0,60.0%,35.0%,87.5%,8.0,24.0,32.0,25.0,7.0,5.0,11.0
5 Feb 2021 (Fri),Zenit St Petersburg,1,92.0,102.0,60.0%,55.6%,90.9%,6.0,20.0,26.0,23.0,0.0,1.0,11.0
28 Jan 2021 (Thu),Khimki Moscow Region,0,107.0,155.0,85.3%,45.5%,86.4%,10.0,29.0,39.0,29.0,10.0,3.0,16.0
26 Jan 2021 (Tue),Maccabi Playtika Tel Aviv,1,82.0,99.0,72.7%,45.0%,63.6%,1.0,23.0,24.0,19.0,6.0,1.0,13.0
22 Jan 2021 (Fri),CSKA Moscow,0,89.0,104.0,60.0%,50.0%,87.5%,4.0,19.0,23.0,22.0,5.0,3.0,8.0
15 Jan 2021 (Fri),Panathinaikos OPAP Athens,1,100.0,115.0,61.8%,62.5%,81.3%,8.0,21.0,29.0,24.0,6.0,5.0,18.0
12 Jan 2021 (Tue),TD Systems Baskonia Vitoria-Gasteiz,1,96.0,117.0,71.9%,53.6%,83.3%,6.0,21.0,27.0,29.0,8.0,2.0,16.0
7 Jan 2021 (Thu),Crvena Zvezda mts Belgrade,0,73.0,79.0,55.0%,27.3%,91.7%,13.0,23.0,36.0,15.0,13.0,2.0,15.0
30 Dec 2020 (Wed),LDLC ASVEL Villeurbanne,1,81.0,97.0,63.0%,41.2%,100.0%,8.0,26.0,34.0,23.0,8.0,1.0,17.0
23 Dec 2020 (Wed),Olympiacos Piraeus,1,84.0,104.0,64.3%,27.3%,92.3%,9.0,21.0,30.0,25.0,9.0,2.0,9.0
17 Dec 2020 (Thu),Zalgiris Kaunas,0,62.0,51.0,58.1%,28.0%,41.7%,7.0,16.0,23.0,11.0,8.0,2.0,15.0
15 Dec 2020 (Tue),AX Armani Exchange Milan,1,71.0,76.0,48.3%,47.6%,86.7%,5.0,24.0,29.0,16.0,5.0,3.0,19.0
10 Dec 2020 (Thu),ALBA Berlin,0,63.0,63.0,51.7%,27.3%,83.3%,11.0,19.0,30.0,16.0,5.0,1.0,20.0
3 Dec 2020 (Thu),Zenit St Petersburg,0,73.0,86.0,53.7%,38.5%,82.4%,8.0,18.0,26.0,18.0,8.0,2.0,8.0
27 Nov 2020 (Fri),Valencia Basket,1,86.0,101.0,44.4%,48.1%,93.8%,10.0,22.0,32.0,24.0,4.0,1.0,11.0
20 Nov 2020 (Fri),Real Madrid,0,74.0,66.0,53.1%,44.0%,100.0%,8.0,21.0,29.0,10.0,5.0,0.0,17.0
17 Nov 2020 (Tue),TD Systems Baskonia Vitoria-Gasteiz,0,68.0,64.0,61.8%,21.4%,100.0%,6.0,19.0,25.0,18.0,7.0,1.0,12.0
12 Nov 2020 (Thu),FC Barcelona,0,55.0,46.0,56.3%,22.2%,87.5%,7.0,17.0,24.0,17.0,5.0,1.0,25.0
6 Nov 2020 (Fri),Khimki Moscow Region,1,83.0,96.0,56.8%,39.1%,66.7%,4.0,29.0,33.0,21.0,11.0,2.0,12.0
29 Oct 2020 (Thu),Maccabi Playtika Tel Aviv,0,75.0,88.0,45.5%,50.0%,92.3%,6.0,24.0,30.0,15.0,5.0,4.0,12.0
22 Oct 2020 (Thu),Panathinaikos OPAP Athens,0,68.0,77.0,47.2%,37.5%,77.8%,6.0,23.0,29.0,20.0,4.0,2.0,8.0
16 Oct 2020 (Fri),FC Bayern Munich,1,71.0,86.0,55.9%,33.3%,83.3%,3.0,24.0,27.0,23.0,5.0,1.0,14.0
14 Oct 2020 (Wed),CSKA Moscow,1,77.0,85.0,41.9%,38.5%,91.7%,11.0,30.0,41.0,16.0,10.0,1.0,15.0
8 Oct 2020 (Thu),Anadolu Efes Istanbul,0,80.0,85.0,46.7%,52.9%,84.6%,14.0,34.0,48.0,14.0,6.0,1.0,21.0
2 Oct 2020 (Fri),Crvena Zvezda mts Belgrade,1,77.0,88.0,50.0%,41.7%,68.8%,9.0,24.0,33.0,17.0,6.0,3.0,13.0
13 Apr 2022 (Wed),Maccabi Playtika Tel Aviv,0,76.0,86.0,78.6%,24.0%,63.6%,3.0,25.0,28.0,24.0,5.0,0.0,17.0
8 Apr 2022 (Fri),Panathinaikos OPAP Athens,1,59.0,61.0,47.2%,27.3%,70.0%,12.0,21.0,33.0,13.0,7.0,4.0,16.0
4 Apr 2022 (Mon),FC Bayern Munich,1,81.0,98.0,60.5%,38.9%,66.7%,10.0,24.0,34.0,18.0,6.0,13.0,
29 Mar 2022 (Tue),ALBA Berlin,1,57.0,59.0,46.7%,27.6%,62.5%,9.0,20.0,29.0,18.0,6.0,4.0,9.0
25 Mar 2022 (Fri),FC Barcelona,0,67.0,69.0,48.4%,40.9%,83.3%,8.0,16.0,24.0,13.0,7.0,0.0,15.0
23 Mar 2022 (Wed),Baskonia Vitoria-Gasteiz,0,62.0,67.0,52.6%,31.3%,70.0%,6.0,24.0,30.0,19.0,7.0,1.0,14.0
3 Mar 2022 (Thu),Anadolu Efes Istanbul,0,79.0,83.0,47.8%,30.8%,91.7%,15.0,24.0,39.0,18.0,5.0,2.0,6.0
27 Feb 2022 (Sun),Crvena Zvezda mts Belgrade,0,69.0,68.0,58.8%,27.3%,73.3%,8.0,16.0,24.0,14.0,1.0,0.0,6.0
25 Feb 2022 (Fri),AS Monaco,0,78.0,82.0,50.0%,37.1%,82.6%,6.0,19.0,25.0,14.0,12.0,2.0,14.0
8 Feb 2022 (Tue),Real Madrid,1,66.0,80.0,57.1%,20.7%,80.0%,11.0,30.0,41.0,18.0,8.0,2.0,13.0
3 Feb 2022 (Thu),AX Armani Exchange Milan,0,71.0,80.0,67.6%,27.3%,58.3%,12.0,21.0,33.0,18.0,9.0,3.0,14.0
1 Feb 2022 (Tue),LDLC ASVEL Villeurbanne,1,85.0,95.0,64.1%,23.8%,74.1%,11.0,25.0,36.0,17.0,7.0,2.0,14.0
20 Jan 2022 (Thu),Zalgiris Kaunas,1,73.0,90.0,50.0%,36.0%,75.0%,9.0,26.0,35.0,17.0,9.0,1.0,14.0
11 Jan 2022 (Tue),Olympiacos Piraeus,1,94.0,106.0,57.6%,51.7%,84.6%,4.0,24.0,28.0,27.0,9.0,2.0,12.0
23 Dec 2021 (Thu),LDLC ASVEL Villeurbanne,0,82.0,89.0,77.4%,21.4%,84.2%,13.0,21.0,34.0,14.0,8.0,0.0,20.0
16 Dec 2021 (Thu),Baskonia Vitoria-Gasteiz,1,75.0,101.0,56.4%,33.3%,57.1%,10.0,22.0,32.0,22.0,12.0,3.0,7.0
14 Dec 2021 (Tue),Maccabi Playtika Tel Aviv,1,90.0,114.0,59.0%,40.0%,82.4%,12.0,26.0,38.0,19.0,8.0,6.0,13.0
9 Dec 2021 (Thu),Zenit St Petersburg,0,86.0,109.0,78.1%,33.3%,77.8%,4.0,18.0,22.0,22.0,12.0,1.0,15.0
2 Dec 2021 (Thu),AS Monaco,1,96.0,120.0,55.6%,59.1%,73.9%,11.0,25.0,36.0,28.0,10.0,0.0,16.0
25 Nov 2021 (Thu),Anadolu Efes Istanbul,1,84.0,84.0,58.8%,32.4%,84.6%,12.0,22.0,34.0,15.0,8.0,4.0,14.0
19 Nov 2021 (Fri),Zalgiris Kaunas,0,75.0,84.0,65.6%,38.1%,90.0%,5.0,18.0,23.0,18.0,4.0,2.0,13.0
16 Nov 2021 (Tue),FC Bayern Munich,0,63.0,69.0,56.3%,15.0%,85.7%,11.0,21.0,32.0,13.0,8.0,1.0,18.0
12 Nov 2021 (Fri),AX Armani Exchange Milan,1,43.0,37.0,40.6%,19.0%,38.5%,9.0,22.0,31.0,12.0,12.0,1.0,16.0
4 Nov 2021 (Thu),CSKA Moscow,0,91.0,108.0,56.8%,55.0%,84.2%,9.0,19.0,28.0,22.0,6.0,2.0,10.0
28 Oct 2021 (Thu),Olympiacos Piraeus,0,65.0,69.0,48.8%,22.7%,83.3%,9.0,27.0,36.0,15.0,6.0,1.0,9.0
26 Oct 2021 (Tue),FC Barcelona,1,74.0,79.0,60.0%,30.0%,73.7%,7.0,18.0,25.0,21.0,12.0,14.0,
21 Oct 2021 (Thu),Real Madrid,0,69.0,80.0,54.8%,40.0%,55.6%,7.0,23.0,30.0,17.0,8.0,2.0,13.0
14 Oct 2021 (Thu),UNICS Kazan,1,80.0,108.0,63.2%,38.1%,72.7%,12.0,33.0,45.0,16.0,9.0,6.0,18.0
12 Oct 2021 (Tue),ALBA Berlin,0,70.0,73.0,48.6%,30.4%,68.4%,13.0,26.0,39.0,20.0,5.0,0.0,17.0
7 Oct 2021 (Thu),Panathinaikos OPAP Athens,0,87.0,94.0,61.9%,40.0%,64.7%,9.0,24.0,33.0,21.0,5.0,2.0,13.0
1 Oct 2021 (Fri),Crvena Zvezda mts Belgrade,1,61.0,86.0,50.0%,22.2%,64.3%,9.0,23.0,32.0,18.0,14.0,7.0,10.0
9 May 2023 (Tue),Olympiacos Piraeus,0,72.0,62.0,45.7%,29.6%,88.9%,10.0,20.0,30.0,12.0,4.0,0.0,8.0
5 May 2023 (Fri),Olympiacos Piraeus,1,73.0,83.0,50.0%,50.0%,63.2%,7.0,23.0,30.0,16.0,5.0,1.0,13.0
3 May 2023 (Wed),Olympiacos Piraeus,1,71.0,79.0,42.9%,36.8%,93.3%,8.0,26.0,34.0,17.0,8.0,1.0,10.0
28 Apr 2023 (Fri),Olympiacos Piraeus,0,82.0,92.0,48.9%,35.0%,77.3%,15.0,19.0,34.0,21.0,6.0,0.0,7.0
26 Apr 2023 (Wed),Olympiacos Piraeus,0,68.0,78.0,45.7%,45.0%,81.8%,9.0,25.0,34.0,18.0,5.0,1.0,14.0
13 Apr 2023 (Thu),Crvena Zvezda Meridianbet Belgrade,0,89.0,105.0,48.8%,35.7%,73.9%,18.0,20.0,38.0,25.0,9.0,3.0,15.0
6 Apr 2023 (Thu),Anadolu Efes Istanbul,1,103.0,120.0,69.6%,55.6%,81.8%,12.0,18.0,30.0,20.0,1.0,2.0,8.0
31 Mar 2023 (Fri),Cazoo Baskonia Vitoria-Gasteiz,0,69.0,53.0,46.7%,23.5%,68.2%,11.0,17.0,28.0,12.0,8.0,2.0,11.0
29 Mar 2023 (Wed),Real Madrid,0,75.0,65.0,48.8%,30.8%,78.6%,11.0,19.0,30.0,12.0,3.0,0.0,7.0
24 Mar 2023 (Fri),Zalgiris Kaunas,1,87.0,102.0,58.3%,50.0%,78.3%,6.0,18.0,24.0,19.0,5.0,2.0,7.0
21 Mar 2023 (Tue),EA7 Emporio Armani Milan,1,75.0,74.0,45.2%,28.6%,77.8%,17.0,19.0,36.0,10.0,8.0,0.0,5.0
16 Mar 2023 (Thu),Valencia Basket,0,80.0,76.0,65.5%,34.4%,60.0%,9.0,21.0,30.0,16.0,8.0,4.0,16.0
10 Mar 2023 (Fri),FC Barcelona,1,81.0,102.0,54.3%,42.9%,84.2%,5.0,24.0,29.0,19.0,3.0,3.0,7.0
8 Mar 2023 (Wed),Maccabi Playtika Tel Aviv,0,74.0,73.0,61.1%,20.6%,50.0%,17.0,24.0,41.0,16.0,7.0,1.0,10.0
3 Mar 2023 (Fri),Virtus Segafredo Bologna,1,104.0,139.0,55.9%,50.0%,75.0%,14.0,29.0,43.0,27.0,8.0,6.0,13.0
23 Feb 2023 (Thu),Partizan Mozzart Bet Belgrade,0,97.0,107.0,63.3%,53.8%,70.8%,7.0,16.0,23.0,21.0,6.0,1.0,8.0
3 Feb 2023 (Fri),ALBA Berlin,1,101.0,115.0,57.4%,32.1%,83.3%,14.0,24.0,38.0,17.0,8.0,2.0,8.0
31 Jan 2023 (Tue),Olympiacos Piraeus,1,73.0,64.0,45.5%,33.3%,58.3%,19.0,16.0,35.0,16.0,6.0,1.0,13.0
26 Jan 2023 (Thu),LDLC ASVEL Villeurbanne,0,77.0,76.0,60.6%,40.9%,76.9%,7.0,18.0,25.0,11.0,7.0,1.0,14.0
19 Jan 2023 (Thu),AS Monaco,1,98.0,110.0,69.8%,23.3%,58.6%,14.0,31.0,45.0,20.0,2.0,5.0,11.0
12 Jan 2023 (Thu),FC Bayern Munich,1,79.0,90.0,50.0%,33.3%,73.7%,16.0,28.0,44.0,16.0,6.0,14.0,
10 Jan 2023 (Tue),Panathinaikos Athens,0,94.0,99.0,59.5%,44.4%,70.0%,12.0,19.0,31.0,21.0,13.0,0.0,16.0
5 Jan 2023 (Thu),Zalgiris Kaunas,0,66.0,55.0,47.4%,30.4%,47.4%,18.0,13.0,31.0,15.0,4.0,1.0,15.0
30 Dec 2022 (Fri),Virtus Segafredo Bologna,0,88.0,95.0,63.4%,32.0%,75.0%,16.0,21.0,37.0,15.0,6.0,2.0,15.0
22 Dec 2022 (Thu),Partizan Mozzart Bet Belgrade,1,72.0,77.0,58.8%,25.0%,70.0%,7.0,26.0,33.0,19.0,5.0,2.0,10.0
16 Dec 2022 (Fri),Cazoo Baskonia Vitoria-Gasteiz,1,70.0,74.0,43.2%,33.3%,53.3%,11.0,29.0,40.0,16.0,5.0,1.0,11.0
13 Dec 2022 (Tue),Olympiacos Piraeus,0,67.0,42.0,44.0%,37.0%,71.4%,11.0,16.0,27.0,10.0,9.0,1.0,25.0
8 Dec 2022 (Thu),ALBA Berlin,0,104.0,129.0,75.0%,55.6%,66.7%,8.0,27.0,35.0,27.0,10.0,0.0,22.0
2 Dec 2022 (Fri),Real Madrid,1,71.0,66.0,46.7%,25.0%,68.8%,13.0,16.0,29.0,17.0,6.0,1.0,7.0
24 Nov 2022 (Thu),EA7 Emporio Armani Milan,0,82.0,104.0,63.9%,42.1%,75.0%,6.0,27.0,33.0,21.0,8.0,1.0,17.0
22 Nov 2022 (Tue),AS Monaco,0,96.0,115.0,54.1%,48.1%,77.3%,11.0,22.0,33.0,25.0,10.0,1.0,9.0
18 Nov 2022 (Fri),Panathinaikos Athens,1,107.0,133.0,78.6%,48.0%,55.6%,9.0,28.0,37.0,21.0,7.0,6.0,12.0
10 Nov 2022 (Thu),Crvena Zvezda Meridianbet Belgrade,1,93.0,110.0,68.8%,37.9%,84.2%,12.0,23.0,35.0,24.0,4.0,1.0,14.0
4 Nov 2022 (Fri),FC Barcelona,0,,,,,,,,,,,,
28 Oct 2022 (Fri),Anadolu Efes Istanbul,0,88.0,87.0,45.5%,53.8%,75.0%,11.0,24.0,35.0,17.0,5.0,2.0,11.0
20 Oct 2022 (Thu),Valencia Basket,1,79.0,93.0,56.7%,33.3%,75.0%,8.0,25.0,33.0,21.0,9.0,2.0,8.0
18 Oct 2022 (Tue),LDLC ASVEL Villeurbanne,1,84.0,92.0,60.6%,44.4%,66.7%,6.0,23.0,29.0,18.0,13.0,1.0,17.0
14 Oct 2022 (Fri),Maccabi Playtika Tel Aviv,1,86.0,106.0,46.9%,41.4%,69.0%,18.0,28.0,46.0,20.0,5.0,1.0,12.0
6 Oct 2022 (Thu),FC Bayern Munich,0,74.0,90.0,55.8%,31.6%,80.0%,10.0,20.0,30.0,20.0,8.0,1.0,8.0
26 May 2024 (Sun),Olympiacos Piraeus,0,84.0,101.0,52.8%,42.9%,58.8%,11.0,19.0,30.0,24.0,11.0,3.0,11.0
24 May 2024 (Fri),Panathinaikos AKTOR Athens,0,57.0,42.0,45.8%,25.7%,88.9%,9.0,20.0,29.0,14.0,6.0,0.0,15.0
8 May 2024 (Wed),AS Monaco,0,80.0,89.0,51.9%,42.9%,77.8%,13.0,19.0,32.0,17.0,7.0,2.0,14.0
3 May 2024 (Fri),AS Monaco,1,62.0,65.0,38.7%,34.4%,71.4%,17.0,25.0,42.0,13.0,3.0,1.0,13.0
1 May 2024 (Wed),AS Monaco,1,89.0,108.0,63.9%,39.3%,76.9%,8.0,24.0,32.0,22.0,8.0,2.0,8.0
26 Apr 2024 (Fri),AS Monaco,0,88.0,86.0,51.7%,45.7%,76.9%,5.0,20.0,25.0,18.0,6.0,1.0,12.0
24 Apr 2024 (Wed),AS Monaco,0,95.0,100.0,51.6%,46.7%,72.4%,13.0,28.0,41.0,17.0,3.0,0.0,13.0
12 Apr 2024 (Fri),Olympiacos Piraeus,0,81.0,79.0,66.7%,28.1%,66.7%,11.0,27.0,38.0,14.0,7.0,1.0,15.0
5 Apr 2024 (Fri),Anadolu Efes Istanbul,1,80.0,71.0,35.7%,42.4%,78.3%,15.0,23.0,38.0,12.0,4.0,1.0,15.0
29 Mar 2024 (Fri),ALBA Berlin,1,103.0,139.0,76.9%,42.9%,75.0%,5.0,23.0,28.0,27.0,13.0,4.0,10.0
22 Mar 2024 (Fri),EA7 Emporio Armani Milan,0,76.0,78.0,64.3%,37.9%,77.8%,7.0,21.0,28.0,17.0,8.0,1.0,15.0
20 Mar 2024 (Wed),FC Barcelona,1,88.0,101.0,50.0%,44.8%,87.5%,9.0,24.0,33.0,12.0,9.0,2.0,13.0
14 Mar 2024 (Thu),Valencia Basket,1,118.0,136.0,51.6%,63.2%,87.5%,10.0,22.0,32.0,25.0,6.0,3.0,10.0
7 Mar 2024 (Thu),Real Madrid,0,89.0,94.0,58.5%,26.7%,94.4%,17.0,28.0,45.0,16.0,5.0,1.0,13.0
1 Mar 2024 (Fri),Baskonia Vitoria-Gasteiz,1,111.0,140.0,67.6%,55.9%,66.7%,5.0,17.0,22.0,32.0,9.0,5.0,6.0
9 Feb 2024 (Fri),Panathinaikos AKTOR Athens,0,63.0,60.0,58.1%,22.7%,75.0%,7.0,22.0,29.0,17.0,6.0,1.0,13.0
2 Feb 2024 (Fri),AS Monaco,0,69.0,63.0,53.6%,32.3%,81.8%,14.0,26.0,40.0,14.0,3.0,2.0,20.0
30 Jan 2024 (Tue),LDLC ASVEL Villeurbanne,0,83.0,98.0,54.3%,43.5%,88.2%,12.0,19.0,31.0,20.0,4.0,7.0,11.0
25 Jan 2024 (Thu),Virtus Segafredo Bologna,1,88.0,97.0,68.4%,31.8%,78.9%,6.0,28.0,34.0,17.0,4.0,3.0,11.0
19 Jan 2024 (Fri),Zalgiris Kaunas,0,75.0,74.0,38.2%,30.0%,88.0%,17.0,16.0,33.0,13.0,4.0,1.0,11.0
11 Jan 2024 (Thu),FC Bayern Munich,1,98.0,112.0,54.3%,44.8%,87.5%,9.0,24.0,33.0,16.0,7.0,3.0,14.0
9 Jan 2024 (Tue),Partizan Mozzart Bet Belgrade,1,91.0,104.0,59.4%,51.9%,73.3%,8.0,25.0,33.0,19.0,4.0,4.0,11.0
4 Jan 2024 (Thu),Maccabi Playtika Tel Aviv,1,109.0,147.0,76.3%,48.0%,88.2%,6.0,29.0,35.0,27.0,8.0,2.0,8.0
2 Jan 2024 (Tue),Crvena Zvezda Meridianbet Belgrade,1,76.0,75.0,41.9%,48.1%,64.7%,8.0,24.0,32.0,20.0,6.0,1.0,15.0
28 Dec 2023 (Thu),Anadolu Efes Istanbul,0,89.0,104.0,71.9%,38.7%,70.0%,8.0,25.0,33.0,22.0,6.0,13.0,
22 Dec 2023 (Fri),ALBA Berlin,0,91.0,112.0,61.1%,42.9%,91.7%,11.0,28.0,39.0,25.0,3.0,3.0,16.0
20 Dec 2023 (Wed),Zalgiris Kaunas,1,80.0,91.0,50.0%,43.5%,82.4%,7.0,23.0,30.0,18.0,9.0,3.0,14.0
15 Dec 2023 (Fri),AS Monaco,1,86.0,104.0,58.3%,30.0%,94.4%,17.0,30.0,47.0,21.0,4.0,1.0,9.0
8 Dec 2023 (Fri),FC Barcelona,0,81.0,83.0,48.8%,50.0%,90.0%,10.0,17.0,27.0,13.0,3.0,4.0,10.0
6 Dec 2023 (Wed),Baskonia Vitoria-Gasteiz,0,79.0,90.0,57.9%,40.9%,72.7%,9.0,21.0,30.0,19.0,6.0,0.0,13.0
30 Nov 2023 (Thu),Real Madrid,1,100.0,99.0,47.7%,37.5%,81.5%,15.0,22.0,37.0,14.0,8.0,1.0,11.0
23 Nov 2023 (Thu),Virtus Segafredo Bologna,0,79.0,90.0,59.1%,20.8%,92.3%,10.0,22.0,32.0,19.0,6.0,1.0,9.0
16 Nov 2023 (Thu),Maccabi Playtika Tel Aviv,0,73.0,73.0,40.7%,39.3%,75.0%,8.0,25.0,33.0,14.0,3.0,3.0,16.0
14 Nov 2023 (Tue),Crvena Zvezda Meridianbet Belgrade,0,56.0,52.0,45.5%,33.3%,50.0%,6.0,19.0,25.0,13.0,2.0,6.0,12.0
9 Nov 2023 (Thu),Partizan Mozzart Bet Belgrade,0,84.0,98.0,60.0%,35.5%,93.8%,12.0,22.0,34.0,18.0,3.0,2.0,12.0
2 Nov 2023 (Thu),Olympiacos Piraeus,1,79.0,92.0,69.7%,29.2%,85.7%,6.0,19.0,25.0,22.0,6.0,3.0,9.0
27 Oct 2023 (Fri),FC Bayern Munich,0,76.0,81.0,45.5%,25.9%,83.3%,17.0,31.0,48.0,10.0,5.0,4.0,11.0
19 Oct 2023 (Thu),LDLC ASVEL Villeurbanne,1,101.0,120.0,61.8%,42.1%,68.8%,15.0,22.0,37.0,22.0,8.0,1.0,8.0
17 Oct 2023 (Tue),Panathinaikos AKTOR Athens,1,83.0,93.0,58.1%,40.0%,91.7%,11.0,23.0,34.0,20.0,6.0,1.0,13.0
13 Oct 2023 (Fri),Valencia Basket,0,74.0,67.0,53.6%,29.7%,57.9%,12.0,20.0,32.0,13.0,6.0,6.0,9.0
6 Oct 2023 (Fri),EA7 Emporio Armani Milan,1,85.0,74.0,52.9%,45.2%,63.6%,4.0,23.0,27.0,15.0,5.0,1.0,12.0
25 May 2025 (Sun),AS Monaco,0,81.0,90.0,42.1%,40.9%,84.6%,14.0,24.0,38.0,8.0,8.0,2.0,9.0
23 May 2025 (Fri),Panathinaikos AKTOR Athens,1,82.0,93.0,50.0%,41.2%,80.0%,10.0,23.0,33.0,17.0,7.0,4.0,9.0
29 Apr 2025 (Tue),Paris Basketball,0,98.0,116.0,55.8%,41.7%,80.0%,10.0,28.0,38.0,21.0,5.0,1.0,11.0
24 Apr 2025 (Thu),Paris Basketball,1,89.0,113.0,61.8%,47.8%,82.4%,5.0,26.0,31.0,17.0,5.0,4.0,9.0
22 Apr 2025 (Tue),Paris Basketball,1,83.0,94.0,50.0%,36.4%,75.0%,19.0,21.0,40.0,18.0,8.0,0.0,10.0
10 Apr 2025 (Thu),FC Bayern Munich,0,89.0,103.0,60.7%,48.4%,90.9%,9.0,21.0,30.0,20.0,13.0,3.0,17.0
2 Apr 2025 (Wed),FC Barcelona,1,75.0,78.0,62.5%,25.0%,82.4%,9.0,25.0,34.0,18.0,9.0,2.0,17.0
28 Mar 2025 (Fri),Baskonia Vitoria-Gasteiz,1,82.0,98.0,46.5%,26.1%,100.0%,15.0,33.0,48.0,13.0,2.0,3.0,8.0
25 Mar 2025 (Tue),Paris Basketball,1,101.0,114.0,57.9%,42.9%,92.3%,11.0,17.0,28.0,18.0,9.0,1.0,9.0
20 Mar 2025 (Thu),AS Monaco,0,82.0,81.0,43.9%,34.6%,95.0%,12.0,29.0,41.0,12.0,9.0,3.0,17.0
13 Mar 2025 (Thu),LDLC ASVEL Villeurbanne,1,92.0,121.0,63.9%,40.0%,83.3%,12.0,26.0,38.0,25.0,7.0,5.0,11.0
6 Mar 2025 (Thu),EA7 Emporio Armani Milan,0,100.0,118.0,71.8%,50.0%,91.7%,5.0,29.0,34.0,17.0,2.0,2.0,10.0
3 Mar 2025 (Mon),Paris Basketball,0,87.0,101.0,48.4%,30.8%,77.8%,30.0,20.0,50.0,17.0,2.0,1.0,12.0
27 Feb 2025 (Thu),Maccabi Playtika Tel Aviv,0,76.0,69.0,41.4%,26.7%,88.9%,21.0,17.0,38.0,17.0,10.0,4.0,15.0
6 Feb 2025 (Thu),Real Madrid,1,78.0,93.0,64.3%,38.2%,60.0%,10.0,19.0,29.0,23.0,5.0,4.0,12.0
4 Feb 2025 (Tue),Panathinaikos AKTOR Athens,0,90.0,103.0,50.0%,37.5%,100.0%,11.0,26.0,37.0,22.0,6.0,6.0,12.0
31 Jan 2025 (Fri),Virtus Segafredo Bologna,1,95.0,109.0,66.7%,58.6%,66.7%,5.0,22.0,27.0,20.0,7.0,2.0,15.0
24 Jan 2025 (Fri),Olympiacos Piraeus,0,87.0,94.0,65.6%,34.4%,92.3%,9.0,27.0,36.0,21.0,3.0,2.0,13.0
17 Jan 2025 (Fri),Zalgiris Kaunas,1,98.0,120.0,53.3%,46.2%,93.8%,14.0,21.0,35.0,16.0,5.0,4.0,13.0
15 Jan 2025 (Wed),Crvena Zvezda Meridianbet Belgrade,0,96.0,107.0,60.0%,48.6%,68.2%,6.0,17.0,23.0,22.0,8.0,1.0,6.0
9 Jan 2025 (Thu),ALBA Berlin,1,90.0,109.0,65.6%,38.5%,78.3%,9.0,21.0,30.0,19.0,6.0,5.0,15.0
3 Jan 2025 (Fri),Anadolu Efes Istanbul,1,84.0,100.0,38.7%,46.2%,77.4%,10.0,28.0,38.0,19.0,6.0,1.0,9.0
27 Dec 2024 (Fri),Partizan Mozzart Bet Belgrade,0,81.0,87.0,46.7%,45.2%,68.8%,7.0,20.0,27.0,22.0,7.0,3.0,11.0
17 Dec 2024 (Tue),FC Barcelona,0,63.0,56.0,53.1%,23.3%,66.7%,13.0,21.0,34.0,10.0,4.0,3.0,17.0
12 Dec 2024 (Thu),AS Monaco,1,69.0,62.0,50.0%,19.0%,75.0%,15.0,18.0,33.0,9.0,6.0,1.0,11.0
5 Dec 2024 (Thu),Real Madrid,0,82.0,88.0,54.1%,33.3%,83.3%,11.0,25.0,36.0,11.0,4.0,2.0,8.0
3 Dec 2024 (Tue),Baskonia Vitoria-Gasteiz,0,76.0,67.0,51.5%,33.3%,66.7%,12.0,22.0,34.0,13.0,5.0,1.0,13.0
29 Nov 2024 (Fri),EA7 Emporio Armani Milan,1,85.0,83.0,47.2%,40.0%,78.9%,9.0,23.0,32.0,17.0,5.0,2.0,13.0
20 Nov 2024 (Wed),Virtus Segafredo Bologna,0,86.0,94.0,59.4%,39.4%,69.2%,11.0,28.0,39.0,17.0,7.0,1.0,15.0
15 Nov 2024 (Fri),Zalgiris Kaunas,0,72.0,83.0,39.4%,28.0%,86.2%,14.0,31.0,45.0,9.0,7.0,3.0,13.0
12 Nov 2024 (Tue),FC Bayern Munich,1,87.0,97.0,61.1%,42.9%,100.0%,7.0,26.0,33.0,19.0,5.0,0.0,12.0
8 Nov 2024 (Fri),LDLC ASVEL Villeurbanne,0,77.0,79.0,59.5%,18.8%,83.3%,19.0,27.0,46.0,15.0,3.0,3.0,14.0
1 Nov 2024 (Fri),Partizan Mozzart Bet Belgrade,1,89.0,105.0,45.8%,51.4%,71.4%,9.0,23.0,32.0,24.0,10.0,3.0,13.0
29 Oct 2024 (Tue),Maccabi Playtika Tel Aviv,1,84.0,94.0,48.8%,37.0%,85.7%,18.0,21.0,39.0,21.0,8.0,2.0,14.0
25 Oct 2024 (Fri),Panathinaikos AKTOR Athens,1,76.0,70.0,55.2%,41.4%,66.7%,7.0,26.0,33.0,14.0,7.0,1.0,15.0
17 Oct 2024 (Thu),ALBA Berlin,0,78.0,86.0,37.9%,43.3%,73.9%,11.0,22.0,33.0,14.0,8.0,3.0,10.0
15 Oct 2024 (Tue),Crvena Zvezda Meridianbet Belgrade,1,57.0,46.0,37.5%,30.4%,80.0%,11.0,21.0,32.0,13.0,4.0,2.0,18.0
10 Oct 2024 (Thu),Anadolu Efes Istanbul,0,83.0,87.0,30.0%,55.6%,93.3%,16.0,25.0,41.0,20.0,3.0,4.0,10.0
4 Oct 2024 (Fri),Olympiacos Piraeus,1,82.0,103.0,59.5%,29.2%,77.3%,14.0,30.0,44.0,18.0,4.0,3.0,12.0
